epoch,method,train_objective,validation_objective
1,Shortest-Oracle Only,1.5150953089814396,1.4719621155909102
2,Shortest-Oracle Only,1.5028620513756212,1.4597799314127815
3,Shortest-Oracle Only,1.4906365852117187,1.4476327479983253
4,Shortest-Oracle Only,1.478514096191093,1.4355027284309136
5,Shortest-Oracle Only,1.4665092232964312,1.4233825491179075
6,Shortest-Oracle Only,1.454352500922082,1.411452667917415
7,Shortest-Oracle Only,1.4424236718302486,1.3995035009636128
8,Shortest-Oracle Only,1.4304953975658763,1.3876118366006283
9,Shortest-Oracle Only,1.4186518289632832,1.3757439709549621
10,Shortest-Oracle Only,1.406829042220892,1.3639317536182267
11,Shortest-Oracle Only,1.394897811952384,1.3523356656822039
12,Shortest-Oracle Only,1.3835512734029087,1.3403853484398847
13,Shortest-Oracle Only,1.3716407596645563,1.328773560000955
14,Shortest-Oracle Only,1.360024403246076,1.3172224654112938
15,Shortest-Oracle Only,1.3484813977606538,1.305682682819229
16,Shortest-Oracle Only,1.3369549691745368,1.294208375046595
17,Shortest-Oracle Only,1.3255790640573966,1.282677121693082
18,Shortest-Oracle Only,1.3141896773664323,1.2711773365378094
19,Shortest-Oracle Only,1.3027925843830448,1.2597772714326245
20,Shortest-Oracle Only,1.2912603296794276,1.2486695319390277
21,Shortest-Oracle Only,1.2803281593431994,1.2372426803442265
22,Shortest-Oracle Only,1.2688495966713589,1.22616497815562
23,Shortest-Oracle Only,1.2578273950553998,1.21497550289377
24,Shortest-Oracle Only,1.2467319742393774,1.2038355612392135
25,Shortest-Oracle Only,1.2356688529960147,1.1927632634595835
26,Shortest-Oracle Only,1.2245950821358567,1.1818363494735609
27,Shortest-Oracle Only,1.2136347563640124,1.1709810649041084
28,Shortest-Oracle Only,1.20291506141946,1.1599819713635289
29,Shortest-Oracle Only,1.191943191171102,1.1492174324557913
30,Shortest-Oracle Only,1.1812400104292986,1.1384240662793907
31,Shortest-Oracle Only,1.1704422773696108,1.1277979785103718
32,Shortest-Oracle Only,1.1599488055095444,1.1170500395677871
33,Shortest-Oracle Only,1.1492611835014994,1.1064755552000194
34,Shortest-Oracle Only,1.1389253088191573,1.0957777000027147
35,Shortest-Oracle Only,1.1281262937963077,1.0855420798278026
36,Shortest-Oracle Only,1.1178601504815735,1.0752163971778008
37,Shortest-Oracle Only,1.1075834285567228,1.06489783577961
38,Shortest-Oracle Only,1.0973295572443498,1.0546429979982521
39,Shortest-Oracle Only,1.0870793455947423,1.0445482034125835
40,Shortest-Oracle Only,1.077106460155939,1.0343675441604505
41,Shortest-Oracle Only,1.0671304302234303,1.0242152267498814
42,Shortest-Oracle Only,1.0569853014260107,1.0143737731884725
43,Shortest-Oracle Only,1.0471391089125246,1.004585238052808
44,Shortest-Oracle Only,1.0373561384439507,0.9948710541996219
45,Shortest-Oracle Only,1.027737419727371,0.9851449421637529
46,Shortest-Oracle Only,1.0183422241248392,0.9753036848347697
47,Shortest-Oracle Only,1.0084434178667125,0.9660056964028254
48,Shortest-Oracle Only,0.999213794945227,0.9565826619120003
49,Shortest-Oracle Only,0.9898279666744576,0.9473441731366661
50,Shortest-Oracle Only,0.9806602587092822,0.9381507546353856
51,Shortest-Oracle Only,0.9714771138336201,0.929150464727556
52,Shortest-Oracle Only,0.9625916972212619,0.92011797475853
53,Shortest-Oracle Only,0.9536585240917302,0.9112599865735483
54,Shortest-Oracle Only,0.9449530896296225,0.9024650054134494
55,Shortest-Oracle Only,0.9362045798631761,0.8939098876604946
56,Shortest-Oracle Only,0.9278030550786154,0.8853340313089094
57,Shortest-Oracle Only,0.9193108557991536,0.8770086820646703
58,Shortest-Oracle Only,0.9111087831181329,0.8687444674291068
59,Shortest-Oracle Only,0.9029591442461471,0.8606515768721544
60,Shortest-Oracle Only,0.8949395700828316,0.8527371282096478
61,Shortest-Oracle Only,0.887118179685764,0.8449453744437811
62,Shortest-Oracle Only,0.8795009518465576,0.8372183044592412
63,Shortest-Oracle Only,0.8718941256274687,0.8297238794682597
64,Shortest-Oracle Only,0.8644573124550189,0.8224460767497054
65,Shortest-Oracle Only,0.8572273478046062,0.8153216516236671
66,Shortest-Oracle Only,0.8502766959426485,0.8082131440397069
67,Shortest-Oracle Only,0.8433019563328945,0.8013548894917325
68,Shortest-Oracle Only,0.8366068653497772,0.7945998808782133
69,Shortest-Oracle Only,0.8299635690765712,0.7880960852742863
70,Shortest-Oracle Only,0.8236534890050174,0.7816525078277954
71,Shortest-Oracle Only,0.8173186755906031,0.7755028974351356
72,Shortest-Oracle Only,0.8113395201166959,0.7694373319777037
73,Shortest-Oracle Only,0.8053204252781913,0.763698890745592
74,Shortest-Oracle Only,0.7997005222920914,0.7580220109467701
75,Shortest-Oracle Only,0.794164819093953,0.7525113631096527
76,Shortest-Oracle Only,0.7888033260223889,0.7471698431896152
77,Shortest-Oracle Only,0.783643095071178,0.7419687584937334
78,Shortest-Oracle Only,0.7785830831414567,0.7369970464057403
79,Shortest-Oracle Only,0.7737471449494148,0.7321820367900155
80,Shortest-Oracle Only,0.7690990765596876,0.7275099025142966
81,Shortest-Oracle Only,0.7645298094703413,0.7230789413253625
82,Shortest-Oracle Only,0.7602274344432103,0.7187665545339104
83,Shortest-Oracle Only,0.7559977076463663,0.7146741366558212
84,Shortest-Oracle Only,0.7520419464059048,0.7106562122714529
85,Shortest-Oracle Only,0.7481775614950392,0.7067912365552231
86,Shortest-Oracle Only,0.7444373226033122,0.7031055462656258
87,Shortest-Oracle Only,0.7409183196107761,0.6995161898714528
88,Shortest-Oracle Only,0.7374150492013174,0.6961660178973257
89,Shortest-Oracle Only,0.7341935224178828,0.6928817464219178
90,Shortest-Oracle Only,0.7310206490401023,0.6897694339171899
91,Shortest-Oracle Only,0.7279902192247497,0.6868079840611991
92,Shortest-Oracle Only,0.7251660476298949,0.6839006414787592
93,Shortest-Oracle Only,0.7223763753809529,0.6811485071006634
94,Shortest-Oracle Only,0.7197479616696385,0.6785000607526427
95,Shortest-Oracle Only,0.7172006302702312,0.6759918327804945
96,Shortest-Oracle Only,0.714809250283448,0.6735654259033448
97,Shortest-Oracle Only,0.7124613749768297,0.671288530190913
98,Shortest-Oracle Only,0.7102953746849027,0.6690603846831737
99,Shortest-Oracle Only,0.7081568238778505,0.6669619911856609
100,Shortest-Oracle Only,0.7061394492941194,0.6649545821502173
101,Shortest-Oracle Only,0.7042045872314064,0.6630415670197901
102,Shortest-Oracle Only,0.7024037073489942,0.6611613459926877
103,Shortest-Oracle Only,0.7006084985788433,0.6594018804444801
104,Shortest-Oracle Only,0.6989501484227325,0.6576885224533997
105,Shortest-Oracle Only,0.6973300956798018,0.6560630095873574
106,Shortest-Oracle Only,0.6957744567333004,0.6545275511791269
107,Shortest-Oracle Only,0.6943102480248995,0.653045333987527
108,Shortest-Oracle Only,0.6929019466883772,0.651621831713723
109,Shortest-Oracle Only,0.6915480032077965,0.6502640776103549
110,Shortest-Oracle Only,0.6902841168444045,0.6489220440530892
111,Shortest-Oracle Only,0.6890252917941591,0.6476589867933165
112,Shortest-Oracle Only,0.6878347566661888,0.6464442573040365
113,Shortest-Oracle Only,0.6867065338832113,0.6452618298099173
114,Shortest-Oracle Only,0.6855888312663917,0.6441407812605675
115,Shortest-Oracle Only,0.6845449628133154,0.6430449327342123
116,Shortest-Oracle Only,0.6835231952670358,0.6419917729685457
117,Shortest-Oracle Only,0.6825464504027675,0.6409658173545062
118,Shortest-Oracle Only,0.6816027159875007,0.6399694023559912
119,Shortest-Oracle Only,0.6806900413760849,0.6389999843960862
120,Shortest-Oracle Only,0.6797889623406319,0.6380908336517236
1,Risk-Oracle Only,0.8115753166083716,0.7847599249849136
2,Risk-Oracle Only,0.807887969235901,0.7809362609365924
3,Risk-Oracle Only,0.8040413228272807,0.7772508083557109
4,Risk-Oracle Only,0.8004316360153401,0.7735259451025768
5,Risk-Oracle Only,0.7967214200738955,0.7698821054400207
6,Risk-Oracle Only,0.7930952233508183,0.7663006542609919
7,Risk-Oracle Only,0.7896197159967998,0.7626578187446197
8,Risk-Oracle Only,0.7859905925110736,0.7591728949375015
9,Risk-Oracle Only,0.7826018386885141,0.755617564014667
10,Risk-Oracle Only,0.7791465084772418,0.7521499670606503
11,Risk-Oracle Only,0.7757770500173742,0.7486876876856252
12,Risk-Oracle Only,0.7723640817664216,0.7453501556900809
13,Risk-Oracle Only,0.7690754142960049,0.7419934854853907
14,Risk-Oracle Only,0.7657396732307538,0.7387472421431942
15,Risk-Oracle Only,0.7626064900650835,0.7354212461279525
16,Risk-Oracle Only,0.7594171763490566,0.7321036894551461
17,Risk-Oracle Only,0.7561076085162892,0.7289989965500309
18,Risk-Oracle Only,0.7530826578220629,0.7258079026678832
19,Risk-Oracle Only,0.7500196017155455,0.7226285513063924
20,Risk-Oracle Only,0.7468817846862058,0.7195736138557224
21,Risk-Oracle Only,0.7438618635276866,0.7165651962316161
22,Risk-Oracle Only,0.741001208574482,0.7134367294603582
23,Risk-Oracle Only,0.7379518776493169,0.7104659084323123
24,Risk-Oracle Only,0.7350226154871257,0.7075553954936105
25,Risk-Oracle Only,0.7321990298144148,0.7046119522055786
26,Risk-Oracle Only,0.729345987747664,0.7017196887631336
27,Risk-Oracle Only,0.7265438745677657,0.6988628741452176
28,Risk-Oracle Only,0.7237384291702549,0.6960694703509848
29,Risk-Oracle Only,0.7210396581937942,0.6932647396222031
30,Risk-Oracle Only,0.71828269111878,0.6905750922435183
31,Risk-Oracle Only,0.7156656156720008,0.6878523987421902
32,Risk-Oracle Only,0.7131047820892765,0.6850943332485813
33,Risk-Oracle Only,0.7103610121565938,0.6825461853399957
34,Risk-Oracle Only,0.7078802424763876,0.6799347999097826
35,Risk-Oracle Only,0.7053572212766068,0.6773490626588643
36,Risk-Oracle Only,0.7028710278955971,0.6748191819752188
37,Risk-Oracle Only,0.700447694942382,0.6722947618692183
38,Risk-Oracle Only,0.6979880298028658,0.6698561831891202
39,Risk-Oracle Only,0.6955964183226054,0.66746537083144
40,Risk-Oracle Only,0.693308621698619,0.6650581690098784
41,Risk-Oracle Only,0.6909655556314375,0.6627498874671942
42,Risk-Oracle Only,0.688774536506885,0.6603804278889115
43,Risk-Oracle Only,0.6864900700473645,0.658126533747292
44,Risk-Oracle Only,0.6842901892893015,0.65591822718505
45,Risk-Oracle Only,0.6821624022169211,0.6537153848750387
46,Risk-Oracle Only,0.6800281481332424,0.6515834391642037
47,Risk-Oracle Only,0.6779527007177718,0.6494845618621362
48,Risk-Oracle Only,0.6759161979101466,0.6474063177887586
49,Risk-Oracle Only,0.6739008956582861,0.6453883079073732
50,Risk-Oracle Only,0.671943120091466,0.6434044338780656
51,Risk-Oracle Only,0.6700206304450917,0.6414409074141944
52,Risk-Oracle Only,0.6680981379994159,0.6395435655851952
53,Risk-Oracle Only,0.6662336829504157,0.6376981273281564
54,Risk-Oracle Only,0.664440406390989,0.6358472262505439
55,Risk-Oracle Only,0.6626643205582462,0.6340371352181232
56,Risk-Oracle Only,0.6609372066760918,0.6322240873371915
57,Risk-Oracle Only,0.6592171690630222,0.6304751706180618
58,Risk-Oracle Only,0.6575124958760804,0.6288051578500349
59,Risk-Oracle Only,0.6558942242352238,0.6271548694949612
60,Risk-Oracle Only,0.6542641332156919,0.6255720719229803
61,Risk-Oracle Only,0.6526893278206845,0.6240415626568637
62,Risk-Oracle Only,0.6512120387359486,0.6224750374869598
63,Risk-Oracle Only,0.649713090078235,0.6209494263959752
64,Risk-Oracle Only,0.6482101592723407,0.619519436044441
65,Risk-Oracle Only,0.6468086129191893,0.6180793101354253
66,Risk-Oracle Only,0.645409508571553,0.6166801759965712
67,Risk-Oracle Only,0.644063838910128,0.615302748829007
68,Risk-Oracle Only,0.642732929391413,0.6139666436671065
69,Risk-Oracle Only,0.6414281888964757,0.6126823933053914
70,Risk-Oracle Only,0.6401345941970087,0.611463202582635
71,Risk-Oracle Only,0.6389207727896213,0.6102527692090807
72,Risk-Oracle Only,0.637707857565957,0.6090870252888713
73,Risk-Oracle Only,0.6365853146784163,0.607881613022046
74,Risk-Oracle Only,0.6354020508586863,0.6067565775948396
75,Risk-Oracle Only,0.634299246277011,0.6056503564286365
76,Risk-Oracle Only,0.6332038249073706,0.6045715757328763
77,Risk-Oracle Only,0.6321493800192453,0.6035229146146507
78,Risk-Oracle Only,0.6310895177945823,0.6025368968804805
79,Risk-Oracle Only,0.6301006096666836,0.6015466922182766
80,Risk-Oracle Only,0.6291014038683486,0.6005938612431694
81,Risk-Oracle Only,0.6281886520761844,0.5996165464552428
82,Risk-Oracle Only,0.6272109143278677,0.5987266694382728
83,Risk-Oracle Only,0.6262772658163466,0.5978813173295594
84,Risk-Oracle Only,0.6254190900305878,0.5970016369540945
85,Risk-Oracle Only,0.6245907756646708,0.5961064618525265
86,Risk-Oracle Only,0.6236796024982559,0.5953069958713553
87,Risk-Oracle Only,0.6228615693093282,0.5945140212130031
88,Risk-Oracle Only,0.6220369104316086,0.5937456174122037
89,Risk-Oracle Only,0.6212277959400065,0.5930156163734088
90,Risk-Oracle Only,0.6204759561085034,0.592273766370274
91,Risk-Oracle Only,0.6197045223156182,0.5915600407877571
92,Risk-Oracle Only,0.618973673033726,0.5908409615723584
93,Risk-Oracle Only,0.618244197584763,0.5901396005415172
94,Risk-Oracle Only,0.617502925346612,0.5894869683359603
95,Risk-Oracle Only,0.6168166692392308,0.5888233757477173
96,Risk-Oracle Only,0.6161252823774874,0.5881840396251938
97,Risk-Oracle Only,0.6154735657474721,0.5875265382594161
98,Risk-Oracle Only,0.6147797519593792,0.5869208978022261
99,Risk-Oracle Only,0.6141379654865924,0.5863246700112775
100,Risk-Oracle Only,0.6135014832419706,0.5857364522446815
101,Risk-Oracle Only,0.6128844946617972,0.5851527737845794
102,Risk-Oracle Only,0.6122608035485847,0.5845937118041601
103,Risk-Oracle Only,0.6116821298308974,0.5840144321572981
104,Risk-Oracle Only,0.611052816539559,0.5834910619535668
105,Risk-Oracle Only,0.610497081690384,0.5829411014926443
106,Risk-Oracle Only,0.6099055381828586,0.5824226718410862
107,Risk-Oracle Only,0.6093322137260062,0.5819195853508979
108,Risk-Oracle Only,0.608781284921943,0.5814249565164217
109,Risk-Oracle Only,0.6082477411668247,0.5809182929839966
110,Risk-Oracle Only,0.6076881644710583,0.580444706832055
111,Risk-Oracle Only,0.6071881087043636,0.5799450614721513
112,Risk-Oracle Only,0.606643435793527,0.5794757256229177
113,Risk-Oracle Only,0.6061254021842865,0.5790183971747099
114,Risk-Oracle Only,0.6056161648297423,0.5785677095142912
115,Risk-Oracle Only,0.605118885550985,0.578119493847947
116,Risk-Oracle Only,0.6046292910236829,0.5776719342621924
117,Risk-Oracle Only,0.6041427813464267,0.5772294303338178
118,Risk-Oracle Only,0.6036491359514996,0.5768077186434817
119,Risk-Oracle Only,0.6031621516462903,0.576407840292009
120,Risk-Oracle Only,0.602720970423556,0.5759740278566237
1,Shortest+Risk (No Teacher),1.266076788245276,1.226225268468559
2,Shortest+Risk (No Teacher),1.2584689402420302,1.218756080150986
3,Shortest+Risk (No Teacher),1.2512248338214935,1.2112047128242145
4,Shortest+Risk (No Teacher),1.2437039435816912,1.2038844641539648
5,Shortest+Risk (No Teacher),1.2365390997318448,1.196505710351362
6,Shortest+Risk (No Teacher),1.2292500143452219,1.1892733489923042
7,Shortest+Risk (No Teacher),1.2221794362896068,1.1820280737071347
8,Shortest+Risk (No Teacher),1.2151901540536183,1.1747847847980533
9,Shortest+Risk (No Teacher),1.2080981083576388,1.1677309151550976
10,Shortest+Risk (No Teacher),1.2010105756237783,1.1608995677376863
11,Shortest+Risk (No Teacher),1.194352149319637,1.1538393579548698
12,Shortest+Risk (No Teacher),1.1875995759818854,1.146785130970377
13,Shortest+Risk (No Teacher),1.1806817641529002,1.139972730289945
14,Shortest+Risk (No Teacher),1.1739571953810797,1.133216911740452
15,Shortest+Risk (No Teacher),1.167335444787309,1.1264772743487759
16,Shortest+Risk (No Teacher),1.1608094343712279,1.1197197649171584
17,Shortest+Risk (No Teacher),1.1542032820330648,1.113093496037064
18,Shortest+Risk (No Teacher),1.1477591289940998,1.1064671385851357
19,Shortest+Risk (No Teacher),1.14124834063478,1.099987824121602
20,Shortest+Risk (No Teacher),1.1348937946691624,1.0935281852038028
21,Shortest+Risk (No Teacher),1.128620870832023,1.0870541170943346
22,Shortest+Risk (No Teacher),1.122293607865978,1.0806823013495024
23,Shortest+Risk (No Teacher),1.1161261822896043,1.0742938497526537
24,Shortest+Risk (No Teacher),1.109843531210476,1.0680942207073765
25,Shortest+Risk (No Teacher),1.1038528850905303,1.061793197527993
26,Shortest+Risk (No Teacher),1.097627307248572,1.0557412284197476
27,Shortest+Risk (No Teacher),1.09184814490423,1.0494700440222784
28,Shortest+Risk (No Teacher),1.085783498101101,1.0434134905580714
29,Shortest+Risk (No Teacher),1.0798324751124369,1.0374862336463408
30,Shortest+Risk (No Teacher),1.0741550095868255,1.0314486093574566
31,Shortest+Risk (No Teacher),1.0682741464247507,1.0256254694001783
32,Shortest+Risk (No Teacher),1.0625993261807798,1.0198063373183899
33,Shortest+Risk (No Teacher),1.0569895919460532,1.0140226366426393
34,Shortest+Risk (No Teacher),1.0512996372624908,1.0084361716973678
35,Shortest+Risk (No Teacher),1.045907055604011,1.002771849819333
36,Shortest+Risk (No Teacher),1.0403765058618895,0.9972564885862547
37,Shortest+Risk (No Teacher),1.0350797457266627,0.991697834051543
38,Shortest+Risk (No Teacher),1.0296804845830536,0.9863162880615772
39,Shortest+Risk (No Teacher),1.0244970593002225,0.9809251081666724
40,Shortest+Risk (No Teacher),1.019278283586207,0.975667827314525
41,Shortest+Risk (No Teacher),1.0142015850186992,0.9704594283794956
42,Shortest+Risk (No Teacher),1.0092425142717993,0.9652512270131046
43,Shortest+Risk (No Teacher),1.0041594216991732,0.9602891354679203
44,Shortest+Risk (No Teacher),0.9993670612519978,0.9553147091495218
45,Shortest+Risk (No Teacher),0.994551412038221,0.9504537973716987
46,Shortest+Risk (No Teacher),0.9898567946935282,0.9456668785803789
47,Shortest+Risk (No Teacher),0.9853033421375498,0.940879549189889
48,Shortest+Risk (No Teacher),0.9807578944044093,0.9362015999060235
49,Shortest+Risk (No Teacher),0.976188585403566,0.9317531564695727
50,Shortest+Risk (No Teacher),0.9719797589349348,0.9272215018948142
51,Shortest+Risk (No Teacher),0.9676509821323263,0.9228670547445647
52,Shortest+Risk (No Teacher),0.963433115518614,0.9186633118063665
53,Shortest+Risk (No Teacher),0.9593879961768493,0.9145264717175352
54,Shortest+Risk (No Teacher),0.9554375813198916,0.9104526627054207
55,Shortest+Risk (No Teacher),0.9515961816025685,0.9064464884056292
56,Shortest+Risk (No Teacher),0.9476999992474541,0.9026870969966281
57,Shortest+Risk (No Teacher),0.9441193860616139,0.8989048206491218
58,Shortest+Risk (No Teacher),0.9404679320483176,0.8953223415524412
59,Shortest+Risk (No Teacher),0.9370942871009946,0.8917195006691999
60,Shortest+Risk (No Teacher),0.9336800500933423,0.8882862305622086
61,Shortest+Risk (No Teacher),0.9303614059732893,0.8850307430239847
62,Shortest+Risk (No Teacher),0.9272988276792965,0.881767433867443
63,Shortest+Risk (No Teacher),0.92418375574729,0.8786877757363362
64,Shortest+Risk (No Teacher),0.9212150292532316,0.8757330080907377
65,Shortest+Risk (No Teacher),0.9184356311830244,0.8728188817457164
66,Shortest+Risk (No Teacher),0.9156803465810273,0.8700308087733004
67,Shortest+Risk (No Teacher),0.9130709510917769,0.8673206196487953
68,Shortest+Risk (No Teacher),0.9105319918674799,0.8647403487975928
69,Shortest+Risk (No Teacher),0.908099077021387,0.8622812165366448
70,Shortest+Risk (No Teacher),0.9057759336238406,0.8599240228211622
71,Shortest+Risk (No Teacher),0.9035551928397072,0.857657101175325
72,Shortest+Risk (No Teacher),0.9014155308073933,0.8554975028225095
73,Shortest+Risk (No Teacher),0.8993801526363188,0.8534409495904218
74,Shortest+Risk (No Teacher),0.8974550989270698,0.8514457646133997
75,Shortest+Risk (No Teacher),0.895541482959982,0.8496083560421335
76,Shortest+Risk (No Teacher),0.8937888647077751,0.847822199066321
77,Shortest+Risk (No Teacher),0.892100393313703,0.8461228317981534
78,Shortest+Risk (No Teacher),0.8905082987677815,0.8444608013757808
79,Shortest+Risk (No Teacher),0.8889418833385687,0.8429018225643137
80,Shortest+Risk (No Teacher),0.8875002091653881,0.8413854891820561
81,Shortest+Risk (No Teacher),0.8860677729611154,0.8399717425994628
82,Shortest+Risk (No Teacher),0.8847276580409789,0.8386275323511984
83,Shortest+Risk (No Teacher),0.8834694103296523,0.8373186216056585
84,Shortest+Risk (No Teacher),0.8822174380091282,0.8361028370807608
85,Shortest+Risk (No Teacher),0.8810641941550593,0.8349288521622351
86,Shortest+Risk (No Teacher),0.879935842804151,0.8338028057944402
87,Shortest+Risk (No Teacher),0.8788405264229573,0.8327484359924463
88,Shortest+Risk (No Teacher),0.8778359857211817,0.831707190856445
89,Shortest+Risk (No Teacher),0.8768141993015609,0.8307345793474379
90,Shortest+Risk (No Teacher),0.8758700881509963,0.8297845145241559
91,Shortest+Risk (No Teacher),0.8749285531578507,0.8288926245977251
92,Shortest+Risk (No Teacher),0.8740611281767159,0.8280061077747085
93,Shortest+Risk (No Teacher),0.8731781341619528,0.8271677289799368
94,Shortest+Risk (No Teacher),0.8723594336321654,0.8263395918761376
95,Shortest+Risk (No Teacher),0.8715307430478949,0.8255647799795012
96,Shortest+Risk (No Teacher),0.8707526677018822,0.8248020840989198
97,Shortest+Risk (No Teacher),0.8699861760616224,0.8240588866204047
98,Shortest+Risk (No Teacher),0.8692448380496338,0.8233298213124943
99,Shortest+Risk (No Teacher),0.868503711906749,0.8226376732794928
100,Shortest+Risk (No Teacher),0.867777009034504,0.8219881412790144
101,Shortest+Risk (No Teacher),0.8671079746070616,0.8213074352380464
102,Shortest+Risk (No Teacher),0.8664118464401556,0.8206668352488998
103,Shortest+Risk (No Teacher),0.8657428144413757,0.8200293459636484
104,Shortest+Risk (No Teacher),0.8650807177565957,0.8194107967343113
105,Shortest+Risk (No Teacher),0.8644275882887462,0.8188127742183982
106,Shortest+Risk (No Teacher),0.8637902281557825,0.8182202572818753
107,Shortest+Risk (No Teacher),0.863171465071889,0.8176285428367108
108,Shortest+Risk (No Teacher),0.8625627079311983,0.8170364099659855
109,Shortest+Risk (No Teacher),0.8619356149153162,0.8164930271090651
110,Shortest+Risk (No Teacher),0.8613197825540596,0.8159551641481031
111,Shortest+Risk (No Teacher),0.8607481593021373,0.815411201374735
112,Shortest+Risk (No Teacher),0.8601450683578612,0.8148865781849723
113,Shortest+Risk (No Teacher),0.8595735420085974,0.8143593909933244
114,Shortest+Risk (No Teacher),0.8590051061274904,0.8138413528521792
115,Shortest+Risk (No Teacher),0.8584415775394112,0.8133190430289178
116,Shortest+Risk (No Teacher),0.8578698600085662,0.8128138497125825
117,Shortest+Risk (No Teacher),0.8573226639027097,0.8123071539201576
118,Shortest+Risk (No Teacher),0.8567540348015056,0.8118210518426948
119,Shortest+Risk (No Teacher),0.8562277025646634,0.8113228654365142
120,Shortest+Risk (No Teacher),0.8556695631689223,0.8108499928223218
1,Teacher Distillation Only,0.7663997415629371,0.7710623718243393
2,Teacher Distillation Only,0.756625634932202,0.7611859185491399
3,Teacher Distillation Only,0.7469733137289293,0.7513062381286255
4,Teacher Distillation Only,0.7371088265787461,0.7416214447578876
5,Teacher Distillation Only,0.7276442565634722,0.7317828893470611
6,Teacher Distillation Only,0.7178858459883403,0.7221214524071344
7,Teacher Distillation Only,0.7083032996540197,0.7124690583842196
8,Teacher Distillation Only,0.6988174598027009,0.702777435342439
9,Teacher Distillation Only,0.6892126263933863,0.6932215363240605
10,Teacher Distillation Only,0.6796614177155623,0.6837465444309794
11,Teacher Distillation Only,0.6703619744632935,0.6741229796810471
12,Teacher Distillation Only,0.6609498432996991,0.6645360393844861
13,Teacher Distillation Only,0.6513926649401843,0.6551611314686515
14,Teacher Distillation Only,0.642169943233887,0.6456793818691428
15,Teacher Distillation Only,0.632775661530227,0.6363142402387791
16,Teacher Distillation Only,0.6234857051603885,0.6269893461079288
17,Teacher Distillation Only,0.6142434319796723,0.6176713727969375
18,Teacher Distillation Only,0.6050320757213736,0.6083742277062922
19,Teacher Distillation Only,0.5958033930921766,0.5991440415859605
20,Teacher Distillation Only,0.5866053263190295,0.5899726662089865
21,Teacher Distillation Only,0.5774773716380369,0.5808162344656914
22,Teacher Distillation Only,0.5684615717818277,0.5715978518784571
23,Teacher Distillation Only,0.559245485717937,0.5625744131300524
24,Teacher Distillation Only,0.5502672784360843,0.5535089400790041
25,Teacher Distillation Only,0.5412737733505104,0.5444629323110283
26,Teacher Distillation Only,0.5323177598644797,0.5354403571380053
27,Teacher Distillation Only,0.5232926384748403,0.526549247382067
28,Teacher Distillation Only,0.5144390195213115,0.5176368212108139
29,Teacher Distillation Only,0.5055927892662542,0.5087414773776113
30,Teacher Distillation Only,0.49674674020014853,0.4999093960723083
31,Teacher Distillation Only,0.48789976832519827,0.4911887183773508
32,Teacher Distillation Only,0.47927276108117056,0.4823696882463246
33,Teacher Distillation Only,0.47043662334772046,0.4737471084388568
34,Teacher Distillation Only,0.4617872697946932,0.465141036779619
35,Teacher Distillation Only,0.4532781995283057,0.4564488435669648
36,Teacher Distillation Only,0.4446121923390162,0.44791317849850254
37,Teacher Distillation Only,0.43609468409929664,0.4394217119205466
38,Teacher Distillation Only,0.4276190007831203,0.43097811068793695
39,Teacher Distillation Only,0.41915723915050157,0.42262536592727856
40,Teacher Distillation Only,0.41084479909153077,0.41427124758736433
41,Teacher Distillation Only,0.40250792107455685,0.4059990139080106
42,Teacher Distillation Only,0.3941784625776347,0.3978753999484072
43,Teacher Distillation Only,0.38607506176255335,0.3896948678002919
44,Teacher Distillation Only,0.37788581521396764,0.38163576272127625
45,Teacher Distillation Only,0.36985662519063717,0.3736021248601359
46,Teacher Distillation Only,0.3618331238020268,0.36566973472233294
47,Teacher Distillation Only,0.35391656708413033,0.3577991914901856
48,Teacher Distillation Only,0.3460790392488724,0.35000115613922106
49,Teacher Distillation Only,0.33834859684434,0.3422421907023299
50,Teacher Distillation Only,0.33062242000997605,0.3346120354841002
51,Teacher Distillation Only,0.3229225977140916,0.32719975829219894
52,Teacher Distillation Only,0.3156046336039723,0.3196541168290773
53,Teacher Distillation Only,0.30805526038098696,0.31236978489652073
54,Teacher Distillation Only,0.30078029281680274,0.3051404950139616
55,Teacher Distillation Only,0.2935406616482792,0.2980531530918552
56,Teacher Distillation Only,0.2864878714289452,0.2910029411411362
57,Teacher Distillation Only,0.2794751205639019,0.28408822037870163
58,Teacher Distillation Only,0.27256027986942466,0.27732397438145523
59,Teacher Distillation Only,0.2657723293291178,0.2707062976850902
60,Teacher Distillation Only,0.2592132682204149,0.2641105383658428
61,Teacher Distillation Only,0.2526825430340159,0.25765249135496143
62,Teacher Distillation Only,0.2461614037199899,0.25146490340236666
63,Teacher Distillation Only,0.2400567596667021,0.24523111187619528
64,Teacher Distillation Only,0.23383495601747845,0.2392558993770181
65,Teacher Distillation Only,0.22784880733425616,0.23341511200675016
66,Teacher Distillation Only,0.2219977315690236,0.22772074914913926
67,Teacher Distillation Only,0.21639798905421856,0.2220429014310157
68,Teacher Distillation Only,0.21077716926997,0.2165936196776177
69,Teacher Distillation Only,0.20539635194535927,0.21126648129893838
70,Teacher Distillation Only,0.2001210359295346,0.20611368984675962
71,Teacher Distillation Only,0.19504018992580616,0.20109130300169853
72,Teacher Distillation Only,0.19004957153820168,0.1962702905444549
73,Teacher Distillation Only,0.1852701981516131,0.19157925477211146
74,Teacher Distillation Only,0.18064056911126739,0.18702960839932017
75,Teacher Distillation Only,0.1761096249701953,0.1826816240580584
76,Teacher Distillation Only,0.17181345386632704,0.17843758129329085
77,Teacher Distillation Only,0.16759859665074925,0.17438092519990725
78,Teacher Distillation Only,0.1636166511073945,0.17041465456338764
79,Teacher Distillation Only,0.1597230382455076,0.16660717179815324
80,Teacher Distillation Only,0.15600134491081655,0.1629300570134834
81,Teacher Distillation Only,0.15236524752803138,0.1594484633355259
82,Teacher Distillation Only,0.1489326534651048,0.15608869191166685
83,Teacher Distillation Only,0.14567188547585527,0.1528126140228742
84,Teacher Distillation Only,0.14240683632764267,0.1497846053923675
85,Teacher Distillation Only,0.1394510369140102,0.1467857372770317
86,Teacher Distillation Only,0.13654436707140635,0.14391562638519476
87,Teacher Distillation Only,0.13369601191972635,0.1412442590686395
88,Teacher Distillation Only,0.13110087707094975,0.1386111943219737
89,Teacher Distillation Only,0.12850849303236922,0.13614455719677518
90,Teacher Distillation Only,0.12609278050397152,0.1337630900027181
91,Teacher Distillation Only,0.12375840506905172,0.13149586176757722
92,Teacher Distillation Only,0.1215638864637299,0.12929269326649445
93,Teacher Distillation Only,0.11940994771324541,0.1272191611812819
94,Teacher Distillation Only,0.1174229361754532,0.12517347466573417
95,Teacher Distillation Only,0.11545885519605088,0.12323985903190554
96,Teacher Distillation Only,0.11358145366780517,0.12139925213934805
97,Teacher Distillation Only,0.11184993779341301,0.11956430013605458
98,Teacher Distillation Only,0.11008219276433724,0.11784614834955351
99,Teacher Distillation Only,0.10843052453908723,0.11618983394819035
100,Teacher Distillation Only,0.10683015792113516,0.11457841842770099
101,Teacher Distillation Only,0.10527947094188425,0.11300061115796706
102,Teacher Distillation Only,0.10378236958070934,0.11143383703487601
103,Teacher Distillation Only,0.10229999926584361,0.10989341816251234
104,Teacher Distillation Only,0.10082596266860756,0.10839729759099485
105,Teacher Distillation Only,0.09940765448666852,0.1069082530309335
106,Teacher Distillation Only,0.09800912088935064,0.1054170298352062
107,Teacher Distillation Only,0.0965908665988473,0.10399718642282524
108,Teacher Distillation Only,0.0952596090669387,0.10257387755392455
109,Teacher Distillation Only,0.09392836967440796,0.10121354669499531
110,Teacher Distillation Only,0.09264001480331593,0.09991934528056863
111,Teacher Distillation Only,0.09141479294446579,0.09867369090680411
112,Teacher Distillation Only,0.09025681053942539,0.09747179589861388
113,Teacher Distillation Only,0.0891275808576027,0.09633483199046267
114,Teacher Distillation Only,0.0880516012129271,0.09526563975646841
115,Teacher Distillation Only,0.08702831120371839,0.09424841424242986
116,Teacher Distillation Only,0.08606144196272013,0.09327499159247137
117,Teacher Distillation Only,0.08512072901574783,0.09234466484253458
118,Teacher Distillation Only,0.08422864013784472,0.0914572101650093
119,Teacher Distillation Only,0.08337061133859318,0.09058652429269541
120,Teacher Distillation Only,0.082533825852734,0.08976989503714254
1,Teacher+Shortest+Risk,2.032284223161378,1.997155170807178
2,Teacher+Shortest+Risk,2.0149092218564157,1.9796376239785773
3,Teacher+Shortest+Risk,1.997670676621999,1.9622210990533149
4,Teacher+Shortest+Risk,1.980638876462252,1.9449238628268337
5,Teacher+Shortest+Risk,1.9636553946502704,1.927741824196662
6,Teacher+Shortest+Risk,1.9466293893767894,1.9107879992959211
7,Teacher+Shortest+Risk,1.9299486297141744,1.893823546538647
8,Teacher+Shortest+Risk,1.9131993531127391,1.8770135096114
9,Teacher+Shortest+Risk,1.8968118705602817,1.8600933912565845
10,Teacher+Shortest+Risk,1.8802112189355176,1.8434273015030678
11,Teacher+Shortest+Risk,1.8636102494193145,1.8270742249927872
12,Teacher+Shortest+Risk,1.8475541021132933,1.8105313982173288
13,Teacher+Shortest+Risk,1.8313375692128784,1.7940840618051082
14,Teacher+Shortest+Risk,1.8150353975761075,1.777912701865594
15,Teacher+Shortest+Risk,1.7992218040128598,1.7615658505808554
16,Teacher+Shortest+Risk,1.7831556815949698,1.7454411065320763
17,Teacher+Shortest+Risk,1.7672208650200716,1.7294987372344164
18,Teacher+Shortest+Risk,1.7515904542526273,1.7134688749992915
19,Teacher+Shortest+Risk,1.7358900991560609,1.6975601057322909
20,Teacher+Shortest+Risk,1.7202253544160884,1.6818384341567492
21,Teacher+Shortest+Risk,1.704604120891236,1.6663205152134404
22,Teacher+Shortest+Risk,1.6893000060418413,1.6507475580378854
23,Teacher+Shortest+Risk,1.674137890855842,1.6350703838827898
24,Teacher+Shortest+Risk,1.6585947316517282,1.6198252306832037
25,Teacher+Shortest+Risk,1.6436904838131603,1.6044054665118814
26,Teacher+Shortest+Risk,1.6285127323517685,1.5892249646427348
27,Teacher+Shortest+Risk,1.6135769118616612,1.574100243176719
28,Teacher+Shortest+Risk,1.5986017167831557,1.5591852327076505
29,Teacher+Shortest+Risk,1.5839341151657753,1.5442404567574959
30,Teacher+Shortest+Risk,1.5693008090914846,1.529349393898053
31,Teacher+Shortest+Risk,1.5546091289727821,1.5147130640150548
32,Teacher+Shortest+Risk,1.5403141785791592,1.4999973565888844
33,Teacher+Shortest+Risk,1.5257074617165198,1.485689967990017
34,Teacher+Shortest+Risk,1.511671627412508,1.4712493158131241
35,Teacher+Shortest+Risk,1.4974464534679308,1.457029456802136
36,Teacher+Shortest+Risk,1.483499488899232,1.4428291717846933
37,Teacher+Shortest+Risk,1.469668102194178,1.4286917097765126
38,Teacher+Shortest+Risk,1.4556096798658489,1.4150050837483952
39,Teacher+Shortest+Risk,1.4421380969354827,1.4012176721357554
40,Teacher+Shortest+Risk,1.4286380633455782,1.387543275892687
41,Teacher+Shortest+Risk,1.4151028645368278,1.3741773207536976
42,Teacher+Shortest+Risk,1.4020078903601498,1.360762546117827
43,Teacher+Shortest+Risk,1.3888981708858392,1.347507587139658
44,Teacher+Shortest+Risk,1.3756668649198107,1.3347217599519068
45,Teacher+Shortest+Risk,1.3630732228256173,1.321814998232717
46,Teacher+Shortest+Risk,1.3504291446874934,1.3090642939766852
47,Teacher+Shortest+Risk,1.3379771185085125,1.2964390303441484
48,Teacher+Shortest+Risk,1.3256061937586217,1.2840610688166012
49,Teacher+Shortest+Risk,1.3134725565528775,1.271861116823146
50,Teacher+Shortest+Risk,1.301516169788521,1.2598477123831633
51,Teacher+Shortest+Risk,1.2896969844892712,1.2480714361222864
52,Teacher+Shortest+Risk,1.2779989447088058,1.236633071334387
53,Teacher+Shortest+Risk,1.2666748124045994,1.2253113510706026
54,Teacher+Shortest+Risk,1.2556385304178355,1.2140178142116964
55,Teacher+Shortest+Risk,1.2445870375325023,1.203016753002011
56,Teacher+Shortest+Risk,1.2336558970857263,1.1924341990529679
57,Teacher+Shortest+Risk,1.223299523223892,1.1818372514173447
58,Teacher+Shortest+Risk,1.2130278094547156,1.1714257674755526
59,Teacher+Shortest+Risk,1.202836739258102,1.1613947178861252
60,Teacher+Shortest+Risk,1.1931317347275452,1.1514685075697277
61,Teacher+Shortest+Risk,1.183404011980755,1.1419667693688642
62,Teacher+Shortest+Risk,1.174146530281364,1.132623884752333
63,Teacher+Shortest+Risk,1.1650173010987632,1.1236034573508416
64,Teacher+Shortest+Risk,1.15623032209858,1.114801275147926
65,Teacher+Shortest+Risk,1.1475744453824068,1.10637285081361
66,Teacher+Shortest+Risk,1.1394461598378354,1.098010082260144
67,Teacher+Shortest+Risk,1.13137358611392,1.0899833451279457
68,Teacher+Shortest+Risk,1.1235875695373243,1.0822785404608477
69,Teacher+Shortest+Risk,1.116127181064866,1.0748222338093865
70,Teacher+Shortest+Risk,1.1088863054287061,1.0676764147676785
71,Teacher+Shortest+Risk,1.101953449040149,1.0607983743409521
72,Teacher+Shortest+Risk,1.095351115837169,1.0541215149090708
73,Teacher+Shortest+Risk,1.0889136081552606,1.0477711033878372
74,Teacher+Shortest+Risk,1.0828030547442598,1.0416650995433188
75,Teacher+Shortest+Risk,1.0769369648240665,1.0358282112903459
76,Teacher+Shortest+Risk,1.0713234226318569,1.0302595966238324
77,Teacher+Shortest+Risk,1.0659703694941116,1.0249460123366028
78,Teacher+Shortest+Risk,1.06085577209693,1.0199057796270585
79,Teacher+Shortest+Risk,1.0560463966938618,1.0150501187846028
80,Teacher+Shortest+Risk,1.0513814797165,1.0104938490663746
81,Teacher+Shortest+Risk,1.0471035957414454,1.0060480944722818
82,Teacher+Shortest+Risk,1.0428144836987592,1.0019916512662645
83,Teacher+Shortest+Risk,1.038968915635797,0.9980390169221559
84,Teacher+Shortest+Risk,1.0352147335975732,0.9943289535345318
85,Teacher+Shortest+Risk,1.0317049545676829,0.9908084949557546
86,Teacher+Shortest+Risk,1.028372115071365,0.9874865029505294
87,Teacher+Shortest+Risk,1.0251776540831445,0.9844192633922813
88,Teacher+Shortest+Risk,1.022322285216289,0.9813996470384926
89,Teacher+Shortest+Risk,1.0195114514262407,0.9785805166578941
90,Teacher+Shortest+Risk,1.0168583159594191,0.9759672503169772
91,Teacher+Shortest+Risk,1.0143751296722407,0.9735292840519364
92,Teacher+Shortest+Risk,1.01209038992479,0.9711938354852583
93,Teacher+Shortest+Risk,1.0098964558102617,0.969015383166824
94,Teacher+Shortest+Risk,1.0078639144340331,0.9669509235623363
95,Teacher+Shortest+Risk,1.0059349952206793,0.9650174095880708
96,Teacher+Shortest+Risk,1.0041453399628553,0.9631854928522896
97,Teacher+Shortest+Risk,1.0024550682276054,0.9614631774618303
98,Teacher+Shortest+Risk,1.000848566845969,0.9598703355766278
99,Teacher+Shortest+Risk,0.9993623306075907,0.9583723938302864
100,Teacher+Shortest+Risk,0.9979519341741445,0.956983823409741
101,Teacher+Shortest+Risk,0.9966725685986223,0.95563739065746
102,Teacher+Shortest+Risk,0.9954563346027723,0.9543555055836661
103,Teacher+Shortest+Risk,0.994276456133743,0.9531814074688095
104,Teacher+Shortest+Risk,0.9931944347875361,0.9520706992993077
105,Teacher+Shortest+Risk,0.9921677213432238,0.9510349815038799
106,Teacher+Shortest+Risk,0.991209689518606,0.9500537796722974
107,Teacher+Shortest+Risk,0.9903148126531947,0.9491168654757179
108,Teacher+Shortest+Risk,0.9894672144144028,0.9482246426413592
109,Teacher+Shortest+Risk,0.9886478065683612,0.9473948343168553
110,Teacher+Shortest+Risk,0.9879062069630861,0.9465870998495574
111,Teacher+Shortest+Risk,0.9871779443042951,0.9458260085699175
112,Teacher+Shortest+Risk,0.9864889380194868,0.9451087494675305
113,Teacher+Shortest+Risk,0.9858411983779635,0.9444284881946085
114,Teacher+Shortest+Risk,0.9852238631525478,0.9437704487167615
115,Teacher+Shortest+Risk,0.9846260687115345,0.9431483590956017
116,Teacher+Shortest+Risk,0.9840732658773568,0.9425354757912164
117,Teacher+Shortest+Risk,0.9835263026109832,0.9419492827691108
118,Teacher+Shortest+Risk,0.9830128278694845,0.9413670214583532
119,Teacher+Shortest+Risk,0.982497471031591,0.9408236987310185
120,Teacher+Shortest+Risk,0.9820163478985529,0.9402841708486418
1,Shortest-Oracle Only,1.5408789362899553,1.3540969058106513
2,Shortest-Oracle Only,1.528214391216611,1.3423803267916476
3,Shortest-Oracle Only,1.5155993329241406,1.3307448245503855
4,Shortest-Oracle Only,1.5032226176395447,1.3190947624609963
5,Shortest-Oracle Only,1.4905358236350574,1.3077002887963136
6,Shortest-Oracle Only,1.4781625555217561,1.2962717253535199
7,Shortest-Oracle Only,1.4659366521646793,1.284823166267312
8,Shortest-Oracle Only,1.4535183810716406,1.2735345493393775
9,Shortest-Oracle Only,1.441224319263188,1.2623380298377196
10,Shortest-Oracle Only,1.4293044058062885,1.2509404767542196
11,Shortest-Oracle Only,1.4168733764519605,1.2399171121754506
12,Shortest-Oracle Only,1.4048175120864315,1.2289247156858074
13,Shortest-Oracle Only,1.3929248373041043,1.2178392514099785
14,Shortest-Oracle Only,1.3810146460226773,1.2067830996416962
15,Shortest-Oracle Only,1.3689028692795377,1.1960065442703744
16,Shortest-Oracle Only,1.357246237374609,1.1850927143037597
17,Shortest-Oracle Only,1.3452768381187905,1.174411658365656
18,Shortest-Oracle Only,1.3336525748549812,1.163639923276649
19,Shortest-Oracle Only,1.321977655341637,1.1529233574311062
20,Shortest-Oracle Only,1.3101640733109274,1.142448002220498
21,Shortest-Oracle Only,1.2986684886391906,1.1318979815784176
22,Shortest-Oracle Only,1.2871720660459465,1.1213499294654763
23,Shortest-Oracle Only,1.275590932545984,1.1109500724828076
24,Shortest-Oracle Only,1.2641490055662403,1.1005986211459335
25,Shortest-Oracle Only,1.2527583717907085,1.09028822674907
26,Shortest-Oracle Only,1.2414817830090468,1.079986748762116
27,Shortest-Oracle Only,1.230161403902673,1.0697787141725768
28,Shortest-Oracle Only,1.2190015295584866,1.059557688180618
29,Shortest-Oracle Only,1.207762375930585,1.049475725479482
30,Shortest-Oracle Only,1.196808138710663,1.039323520512084
31,Shortest-Oracle Only,1.185610271325025,1.029423594289397
32,Shortest-Oracle Only,1.1746716713394718,1.019581129169019
33,Shortest-Oracle Only,1.1636123984806621,1.0099425538331501
34,Shortest-Oracle Only,1.153060075949994,1.0000348910573482
35,Shortest-Oracle Only,1.1420894124755356,0.9904026577298415
36,Shortest-Oracle Only,1.1315241990215106,0.9806845655337463
37,Shortest-Oracle Only,1.120800647468504,0.9711255912276486
38,Shortest-Oracle Only,1.1102440704820185,0.9616354969018726
39,Shortest-Oracle Only,1.0997204004048908,0.952248086083918
40,Shortest-Oracle Only,1.0894083624616682,0.942823569474287
41,Shortest-Oracle Only,1.0790104878596851,0.9335496981815083
42,Shortest-Oracle Only,1.068594995087022,0.9245125717174951
43,Shortest-Oracle Only,1.0585417505347552,0.9153991253528031
44,Shortest-Oracle Only,1.0484556799272728,0.906351238164709
45,Shortest-Oracle Only,1.0384577582067085,0.8973843213373544
46,Shortest-Oracle Only,1.028442524272881,0.8886068720098231
47,Shortest-Oracle Only,1.0187151998428772,0.8798159425774036
48,Shortest-Oracle Only,1.0090358697209365,0.8710644130202512
49,Shortest-Oracle Only,0.999246007999439,0.8625904716562891
50,Shortest-Oracle Only,0.9898637823060867,0.8540587288039283
51,Shortest-Oracle Only,0.9804042040025186,0.8456551305613659
52,Shortest-Oracle Only,0.9710542740696149,0.8373903197411616
53,Shortest-Oracle Only,0.9618408021267006,0.8292678700264653
54,Shortest-Oracle Only,0.9527549018184278,0.8212653556099947
55,Shortest-Oracle Only,0.943897511460243,0.8132629201719958
56,Shortest-Oracle Only,0.9349585061214705,0.8054991925300373
57,Shortest-Oracle Only,0.926250626934812,0.7978483284613578
58,Shortest-Oracle Only,0.9178238233781528,0.7901881512364555
59,Shortest-Oracle Only,0.9092694866205558,0.7827850708138331
60,Shortest-Oracle Only,0.9009842644020596,0.7755320836003423
61,Shortest-Oracle Only,0.8929875257184124,0.7682770633400877
62,Shortest-Oracle Only,0.8848337923282453,0.7613316579703039
63,Shortest-Oracle Only,0.8771179213555287,0.7544075593607237
64,Shortest-Oracle Only,0.8693734583980366,0.7477031291736229
65,Shortest-Oracle Only,0.8618829486397581,0.7411091060697754
66,Shortest-Oracle Only,0.85451852281561,0.7346813697281003
67,Shortest-Oracle Only,0.8473921454129542,0.7283496901184366
68,Shortest-Oracle Only,0.8403945288116104,0.7221652293464815
69,Shortest-Oracle Only,0.8334743888217103,0.716225003009636
70,Shortest-Oracle Only,0.8268154134860345,0.7104363026181424
71,Shortest-Oracle Only,0.8203439156148933,0.7047948833572364
72,Shortest-Oracle Only,0.8140588296500619,0.6992861709179441
73,Shortest-Oracle Only,0.8079043660368126,0.6939530439361999
74,Shortest-Oracle Only,0.8020162403681722,0.6887111207745494
75,Shortest-Oracle Only,0.7961818883603644,0.6836823975873031
76,Shortest-Oracle Only,0.7904891690273065,0.6789145284270054
77,Shortest-Oracle Only,0.7851902064617227,0.6741810627339602
78,Shortest-Oracle Only,0.7799474237974628,0.6696195346571239
79,Shortest-Oracle Only,0.7747868985674133,0.6653248930051575
80,Shortest-Oracle Only,0.7699998785675652,0.661070539643568
81,Shortest-Oracle Only,0.7652894242002308,0.6569690318723118
82,Shortest-Oracle Only,0.76067145326385,0.6530954971283813
83,Shortest-Oracle Only,0.7563421490754091,0.6493366613729189
84,Shortest-Oracle Only,0.7521192090908032,0.6457341310581189
85,Shortest-Oracle Only,0.7480267051417117,0.642318658843567
86,Shortest-Oracle Only,0.744230984895194,0.638942602077502
87,Shortest-Oracle Only,0.7404737172841633,0.6357263317375124
88,Shortest-Oracle Only,0.7368200829040866,0.6327123831071156
89,Shortest-Oracle Only,0.7334357240054713,0.6297690189830252
90,Shortest-Oracle Only,0.7301603291337141,0.6269280383968798
91,Shortest-Oracle Only,0.7269190589128648,0.6242897506820655
92,Shortest-Oracle Only,0.7239342686371906,0.6217190309038059
93,Shortest-Oracle Only,0.721069661259062,0.6192226639802497
94,Shortest-Oracle Only,0.7182575248415034,0.6168814498936963
95,Shortest-Oracle Only,0.7155835160509955,0.6146599100685416
96,Shortest-Oracle Only,0.7130632220815002,0.6125139947256442
97,Shortest-Oracle Only,0.7106523500635753,0.6104448028893715
98,Shortest-Oracle Only,0.708313019605602,0.6084922893236436
99,Shortest-Oracle Only,0.7060963089815671,0.6066310774668193
100,Shortest-Oracle Only,0.7039775651604968,0.6048517151160707
101,Shortest-Oracle Only,0.7019634564979466,0.6031367726867344
102,Shortest-Oracle Only,0.7000213863429363,0.6015051047130839
103,Shortest-Oracle Only,0.6981512947373179,0.5999671026114172
104,Shortest-Oracle Only,0.696389295732759,0.5984917651068181
105,Shortest-Oracle Only,0.6947082022269436,0.5970714348100392
106,Shortest-Oracle Only,0.6930907268795189,0.5957218358527817
107,Shortest-Oracle Only,0.6915369981203283,0.5944402953885021
108,Shortest-Oracle Only,0.6900636212240531,0.593214673536191
109,Shortest-Oracle Only,0.6886435335314843,0.5920436297011783
110,Shortest-Oracle Only,0.6873016452671472,0.5909128370774478
111,Shortest-Oracle Only,0.6860077396452525,0.5898291508480327
112,Shortest-Oracle Only,0.6847515113271245,0.5888087109866817
113,Shortest-Oracle Only,0.6835711595254047,0.5878167832806174
114,Shortest-Oracle Only,0.6824456366714968,0.5868534873099202
115,Shortest-Oracle Only,0.68133586869012,0.585941691420868
116,Shortest-Oracle Only,0.6802635603524512,0.5850846518995603
117,Shortest-Oracle Only,0.6792763320578775,0.5842290933172959
118,Shortest-Oracle Only,0.6783200527140886,0.583390692715326
119,Shortest-Oracle Only,0.6773603258651406,0.5826068621586492
120,Shortest-Oracle Only,0.676465619022803,0.581834598054782
1,Risk-Oracle Only,0.8144132300106658,0.7201267188968221
2,Risk-Oracle Only,0.8106070856482429,0.7166139398865159
3,Risk-Oracle Only,0.8067607150831961,0.7131728810804258
4,Risk-Oracle Only,0.8029817772461516,0.7097872674442005
5,Risk-Oracle Only,0.7993102835273428,0.7063870543547404
6,Risk-Oracle Only,0.7956836723809972,0.7030035661096058
7,Risk-Oracle Only,0.792028141571623,0.699719809227468
8,Risk-Oracle Only,0.7884892438349653,0.6964535574612685
9,Risk-Oracle Only,0.7848714852254512,0.6933283624275476
10,Risk-Oracle Only,0.7815156677605882,0.6901280363647971
11,Risk-Oracle Only,0.7779971605077803,0.6870615483373171
12,Risk-Oracle Only,0.7746144461867444,0.6839994294438541
13,Risk-Oracle Only,0.7712816409067031,0.680972163126591
14,Risk-Oracle Only,0.7678693954791426,0.67805980954719
15,Risk-Oracle Only,0.764663860216565,0.6750924274626638
16,Risk-Oracle Only,0.7614177807159047,0.6721658422314731
17,Risk-Oracle Only,0.7581924439654908,0.6692973991760385
18,Risk-Oracle Only,0.7549928063517544,0.6664988401332873
19,Risk-Oracle Only,0.7518251742916013,0.6637804938790216
20,Risk-Oracle Only,0.7488481265512683,0.66098438031844
21,Risk-Oracle Only,0.7456599954914614,0.6583577224848616
22,Risk-Oracle Only,0.7427543260905849,0.6556469644441575
23,Risk-Oracle Only,0.7396852205769823,0.6530494822267425
24,Risk-Oracle Only,0.7367345437972117,0.6504754005564872
25,Risk-Oracle Only,0.7338245885768871,0.6479231557384435
26,Risk-Oracle Only,0.7309449988299186,0.6454116496290797
27,Risk-Oracle Only,0.7281120380224074,0.6429307213281955
28,Risk-Oracle Only,0.7253379658772878,0.6404590959867831
29,Risk-Oracle Only,0.7225795478070588,0.6380284931481719
30,Risk-Oracle Only,0.7198072513010003,0.6356803078673676
31,Risk-Oracle Only,0.7171189530481027,0.6333776624818241
32,Risk-Oracle Only,0.7145642196719689,0.6310293672615039
33,Risk-Oracle Only,0.7117873557513392,0.6288901073380169
34,Risk-Oracle Only,0.7093417637234268,0.6266514735867039
35,Risk-Oracle Only,0.7067680275420577,0.6244915575020792
36,Risk-Oracle Only,0.7043220832084706,0.6223246329587132
37,Risk-Oracle Only,0.7018238348465972,0.6202241370503676
38,Risk-Oracle Only,0.6993861189784092,0.6181812134352664
39,Risk-Oracle Only,0.6970360992964253,0.6161479723768694
40,Risk-Oracle Only,0.6946950599624847,0.6141539241996932
41,Risk-Oracle Only,0.692410018514762,0.6121871840342021
42,Risk-Oracle Only,0.690132507303794,0.6102526640261684
43,Risk-Oracle Only,0.6878990823786577,0.6083661747015839
44,Risk-Oracle Only,0.6857602310141386,0.6064773067530725
45,Risk-Oracle Only,0.6835245596714429,0.604723267013882
46,Risk-Oracle Only,0.6814663145844587,0.6029557213998323
47,Risk-Oracle Only,0.679438626677829,0.6011890510378136
48,Risk-Oracle Only,0.677407297388922,0.5994774752975808
49,Risk-Oracle Only,0.6753624346935768,0.5978671081514788
50,Risk-Oracle Only,0.6734760322720058,0.596236285303095
51,Risk-Oracle Only,0.6715623029963385,0.5946524111701763
52,Risk-Oracle Only,0.6697014304322898,0.5931072667078875
53,Risk-Oracle Only,0.6678745737971348,0.5916071599972192
54,Risk-Oracle Only,0.6661533553282158,0.5900877373029433
55,Risk-Oracle Only,0.6643535719671988,0.5886608200903813
56,Risk-Oracle Only,0.6626617795553004,0.5872661375888213
57,Risk-Oracle Only,0.6610127116349422,0.585899038411225
58,Risk-Oracle Only,0.6593988602401004,0.5845597826674418
59,Risk-Oracle Only,0.6578310282462119,0.5832441843130726
60,Risk-Oracle Only,0.656285375189742,0.5819718227786929
61,Risk-Oracle Only,0.6547549603012877,0.58076339561498
62,Risk-Oracle Only,0.6533275988781472,0.5795570608245826
63,Risk-Oracle Only,0.6518925902281797,0.5783988074232964
64,Risk-Oracle Only,0.6505399800603826,0.5772394507335467
65,Risk-Oracle Only,0.649153954193266,0.5761528274690382
66,Risk-Oracle Only,0.6478537612731217,0.5750871092127419
67,Risk-Oracle Only,0.6465718695712835,0.5740592509369087
68,Risk-Oracle Only,0.6453392247391689,0.5730495221136517
69,Risk-Oracle Only,0.6441215559913849,0.5720704699378362
70,Risk-Oracle Only,0.6429674650141984,0.5711014248535013
71,Risk-Oracle Only,0.6417862443986795,0.5701884808102811
72,Risk-Oracle Only,0.6406819992835282,0.5692878045709471
73,Risk-Oracle Only,0.6396167080524137,0.5683840259237571
74,Risk-Oracle Only,0.6385310574654103,0.5675342722591679
75,Risk-Oracle Only,0.6375026340441413,0.5667033069426684
76,Risk-Oracle Only,0.6364969798721238,0.5658974554824235
77,Risk-Oracle Only,0.6355347711721794,0.5651023263693968
78,Risk-Oracle Only,0.6345596989748702,0.564350667860052
79,Risk-Oracle Only,0.6336396859740897,0.5636094543462964
80,Risk-Oracle Only,0.6327407285644745,0.5628773504245337
81,Risk-Oracle Only,0.6318495558553315,0.5621686727040293
82,Risk-Oracle Only,0.6310100762219563,0.5614538789722449
83,Risk-Oracle Only,0.6301524574713416,0.5607705092170561
84,Risk-Oracle Only,0.6293047031225051,0.5601278239423714
85,Risk-Oracle Only,0.6285173540060367,0.5594850346608259
86,Risk-Oracle Only,0.6277245832039458,0.5588524526978725
87,Risk-Oracle Only,0.626964626418307,0.5582218429719679
88,Risk-Oracle Only,0.6262098191990295,0.5576106600961641
89,Risk-Oracle Only,0.625454832183863,0.5570243302251836
90,Risk-Oracle Only,0.6247433716814836,0.5564407493982864
91,Risk-Oracle Only,0.6240431550110781,0.5558577336567928
92,Risk-Oracle Only,0.6233278692259624,0.5553058198599571
93,Risk-Oracle Only,0.6226515825340736,0.5547578618463425
94,Risk-Oracle Only,0.6219899674223911,0.55421143519934
95,Risk-Oracle Only,0.6213267740739825,0.553681688953892
96,Risk-Oracle Only,0.6206928152621676,0.553150431364543
97,Risk-Oracle Only,0.6200476944053782,0.5526413852653088
98,Risk-Oracle Only,0.6194262122008121,0.5521444208329054
99,Risk-Oracle Only,0.6188203955600053,0.5516498823002746
100,Risk-Oracle Only,0.6182176109986407,0.5511639375894288
101,Risk-Oracle Only,0.6176315261956298,0.550682034685304
102,Risk-Oracle Only,0.6170387491559275,0.550221429271609
103,Risk-Oracle Only,0.6164808352460971,0.5497534084097594
104,Risk-Oracle Only,0.6159333347488667,0.5492769171995101
105,Risk-Oracle Only,0.6153600170152781,0.5488306269119168
106,Risk-Oracle Only,0.6148206418585738,0.5483809385106871
107,Risk-Oracle Only,0.6142747707775437,0.5479477823800284
108,Risk-Oracle Only,0.6137522452549251,0.547519371631913
109,Risk-Oracle Only,0.6132186481155321,0.5470996718755221
110,Risk-Oracle Only,0.6127214355563018,0.5466670098238006
111,Risk-Oracle Only,0.6122054958559536,0.546247423714835
112,Risk-Oracle Only,0.6117055119753276,0.5458353620665626
113,Risk-Oracle Only,0.6112137403185717,0.5454271371776171
114,Risk-Oracle Only,0.6107190473664926,0.5450341603247967
115,Risk-Oracle Only,0.6102453262841289,0.5446416326852089
116,Risk-Oracle Only,0.609784089772666,0.5442479342732052
117,Risk-Oracle Only,0.6092987880086191,0.5438693919411715
118,Risk-Oracle Only,0.6088532653338041,0.5434832389395493
119,Risk-Oracle Only,0.6083825262806561,0.5431135561010144
120,Risk-Oracle Only,0.6079370410379508,0.5427441296644197
1,Shortest+Risk (No Teacher),1.2766674995815146,1.1263116329305836
2,Shortest+Risk (No Teacher),1.268913677928868,1.1191971965748266
3,Shortest+Risk (No Teacher),1.2612440755771845,1.1121693747596089
4,Shortest+Risk (No Teacher),1.2535909887593504,1.1052567829054956
5,Shortest+Risk (No Teacher),1.246178931420089,1.0982872568430093
6,Shortest+Risk (No Teacher),1.238692264462617,1.091444323259416
7,Shortest+Risk (No Teacher),1.2312652148367742,1.0847180538563113
8,Shortest+Risk (No Teacher),1.2240253334579594,1.0780043824464314
9,Shortest+Risk (No Teacher),1.216738892760269,1.071408460892934
10,Shortest+Risk (No Teacher),1.2095872126065526,1.0648624325985114
11,Shortest+Risk (No Teacher),1.2024258732992106,1.0584355538962973
12,Shortest+Risk (No Teacher),1.1953754385770643,1.052030909673237
13,Shortest+Risk (No Teacher),1.1884093705276288,1.0456798925740909
14,Shortest+Risk (No Teacher),1.1814812093040303,1.0393793393812876
15,Shortest+Risk (No Teacher),1.174523826093218,1.0332143024931058
16,Shortest+Risk (No Teacher),1.167803768428193,1.0269937344694953
17,Shortest+Risk (No Teacher),1.16093021260062,1.0209500014689254
18,Shortest+Risk (No Teacher),1.1543249170705554,1.0148499375368536
19,Shortest+Risk (No Teacher),1.1476430087741556,1.0088325014010557
20,Shortest+Risk (No Teacher),1.1409832934767645,1.0029539342616245
21,Shortest+Risk (No Teacher),1.1344053998024892,0.997155549181379
22,Shortest+Risk (No Teacher),1.1280249411820187,0.9913188899471823
23,Shortest+Risk (No Teacher),1.121547206779681,0.9855853625070622
24,Shortest+Risk (No Teacher),1.1151950796510675,0.9799078504553479
25,Shortest+Risk (No Teacher),1.108912383822672,0.9742647700509981
26,Shortest+Risk (No Teacher),1.102654712950378,0.9687008605589207
27,Shortest+Risk (No Teacher),1.0965391513936014,0.9631240994526106
28,Shortest+Risk (No Teacher),1.0903178865080807,0.9577214043025466
29,Shortest+Risk (No Teacher),1.0842928268960517,0.952350145921366
30,Shortest+Risk (No Teacher),1.0783287204077845,0.9470189503896663
31,Shortest+Risk (No Teacher),1.0723038658867952,0.941834199854968
32,Shortest+Risk (No Teacher),1.0665770600615851,0.9365712595208436
33,Shortest+Risk (No Teacher),1.0606903007238662,0.9314512783780253
34,Shortest+Risk (No Teacher),1.0549379312618954,0.926401139047246
35,Shortest+Risk (No Teacher),1.049169186430276,0.9214798158286704
36,Shortest+Risk (No Teacher),1.0436761924815925,0.9164851953972183
37,Shortest+Risk (No Teacher),1.038035798936935,0.9116352223682552
38,Shortest+Risk (No Teacher),1.0325753615754834,0.9068436107220212
39,Shortest+Risk (No Teacher),1.0271559351555009,0.9021174088236332
40,Shortest+Risk (No Teacher),1.0218801842882763,0.8973938977551498
41,Shortest+Risk (No Teacher),1.0165787736116563,0.8927963169329274
42,Shortest+Risk (No Teacher),1.0114226374044843,0.8882507710582918
43,Shortest+Risk (No Teacher),1.006324392409851,0.8837943892827487
44,Shortest+Risk (No Teacher),1.001237115416142,0.8794665863132032
45,Shortest+Risk (No Teacher),0.9963159379692015,0.8751974243027612
46,Shortest+Risk (No Teacher),0.9914785272010666,0.8709908443884011
47,Shortest+Risk (No Teacher),0.986851913551915,0.8667315702601502
48,Shortest+Risk (No Teacher),0.9819800290087303,0.8627589835349361
49,Shortest+Risk (No Teacher),0.9774396827625482,0.8588117811579726
50,Shortest+Risk (No Teacher),0.9729422511928754,0.8549300155965944
51,Shortest+Risk (No Teacher),0.9685378197979495,0.8511261216960094
52,Shortest+Risk (No Teacher),0.9641329303408376,0.8474957045648555
53,Shortest+Risk (No Teacher),0.9600194703609586,0.8438501932758194
54,Shortest+Risk (No Teacher),0.9559197216096781,0.840291877927528
55,Shortest+Risk (No Teacher),0.9518443802828844,0.8368922355200974
56,Shortest+Risk (No Teacher),0.9479960279763235,0.8335362785897025
57,Shortest+Risk (No Teacher),0.9441794598514991,0.8302907747206384
58,Shortest+Risk (No Teacher),0.9404541523884705,0.827151665976778
59,Shortest+Risk (No Teacher),0.9368859852361915,0.8240771434540697
60,Shortest+Risk (No Teacher),0.9333752656493588,0.8211315827644076
61,Shortest+Risk (No Teacher),0.9299503838996321,0.8183389737112896
62,Shortest+Risk (No Teacher),0.9267747018443301,0.8155608206848335
63,Shortest+Risk (No Teacher),0.9235829770270446,0.8129178895549863
64,Shortest+Risk (No Teacher),0.9205487953575675,0.8103692913500369
65,Shortest+Risk (No Teacher),0.9176236296014298,0.8079102443499291
66,Shortest+Risk (No Teacher),0.9147642802760079,0.8055811629139616
67,Shortest+Risk (No Teacher),0.9120974229038056,0.8032943913206156
68,Shortest+Risk (No Teacher),0.9094492670731646,0.8011414596860182
69,Shortest+Risk (No Teacher),0.906971876389505,0.7990544012879509
70,Shortest+Risk (No Teacher),0.9045461093377831,0.7970802847000525
71,Shortest+Risk (No Teacher),0.9022516720966609,0.795202814030981
72,Shortest+Risk (No Teacher),0.9001038792498618,0.7933818036994519
73,Shortest+Risk (No Teacher),0.8979703863723667,0.7916880440007472
74,Shortest+Risk (No Teacher),0.8959871414662193,0.7900643745440161
75,Shortest+Risk (No Teacher),0.8940837917060789,0.7885218141238389
76,Shortest+Risk (No Teacher),0.8922639399619628,0.7870726659546373
77,Shortest+Risk (No Teacher),0.8905415752967067,0.7856981605986599
78,Shortest+Risk (No Teacher),0.8889431269989768,0.7843529707165565
79,Shortest+Risk (No Teacher),0.8873738825223002,0.7830858961048986
80,Shortest+Risk (No Teacher),0.8858742391847111,0.781900687684909
81,Shortest+Risk (No Teacher),0.8844619565583532,0.7807820017563981
82,Shortest+Risk (No Teacher),0.8831260583742446,0.7797155617555229
83,Shortest+Risk (No Teacher),0.8818598257061677,0.7786985911996702
84,Shortest+Risk (No Teacher),0.8806263697009896,0.7777543601871093
85,Shortest+Risk (No Teacher),0.8795032786773104,0.7768281247715928
86,Shortest+Risk (No Teacher),0.8784036051500373,0.7759480561661313
87,Shortest+Risk (No Teacher),0.8773309967663182,0.7751357699997874
88,Shortest+Risk (No Teacher),0.8763358470439125,0.774357556925962
89,Shortest+Risk (No Teacher),0.8753809397460208,0.7736219080573478
90,Shortest+Risk (No Teacher),0.8744904612395084,0.7728975512562422
91,Shortest+Risk (No Teacher),0.873615598069777,0.7722039193054009
92,Shortest+Risk (No Teacher),0.8727624260613317,0.7715544915681308
93,Shortest+Risk (No Teacher),0.871960145401994,0.770926907496356
94,Shortest+Risk (No Teacher),0.8711886152600535,0.7703219576163759
95,Shortest+Risk (No Teacher),0.8704221668903281,0.7697657715662456
96,Shortest+Risk (No Teacher),0.8697213555874895,0.7692001095826667
97,Shortest+Risk (No Teacher),0.8690317283548672,0.7686439594992582
98,Shortest+Risk (No Teacher),0.868353883988382,0.7681058947443035
99,Shortest+Risk (No Teacher),0.8676744417068004,0.7675999883174155
100,Shortest+Risk (No Teacher),0.8670364289150206,0.7671075048936099
101,Shortest+Risk (No Teacher),0.8664377602360394,0.7666034913545078
102,Shortest+Risk (No Teacher),0.865833666552429,0.7661172872753944
103,Shortest+Risk (No Teacher),0.8652277471206137,0.7656507043408384
104,Shortest+Risk (No Teacher),0.8646453064984505,0.7651902809854985
105,Shortest+Risk (No Teacher),0.8640721156530364,0.7647444382425785
106,Shortest+Risk (No Teacher),0.8635005292625364,0.7643250443887192
107,Shortest+Risk (No Teacher),0.8629860017012921,0.7638727406135428
108,Shortest+Risk (No Teacher),0.8624144803161873,0.7634581429405864
109,Shortest+Risk (No Teacher),0.8618997144934766,0.7630378031990206
110,Shortest+Risk (No Teacher),0.8613707520030869,0.7626214824605322
111,Shortest+Risk (No Teacher),0.8608621759901722,0.7622031861478767
112,Shortest+Risk (No Teacher),0.8603595038615106,0.7617838312270667
113,Shortest+Risk (No Teacher),0.859832264092648,0.7613945200135511
114,Shortest+Risk (No Teacher),0.859365719566628,0.7609768859335275
115,Shortest+Risk (No Teacher),0.8588611121429054,0.7605802534527578
116,Shortest+Risk (No Teacher),0.8583816667757866,0.7601848909309826
117,Shortest+Risk (No Teacher),0.8578812519447415,0.7598089482142802
118,Shortest+Risk (No Teacher),0.8574142144971467,0.759424550722398
119,Shortest+Risk (No Teacher),0.8569411498710783,0.759046967626545
120,Shortest+Risk (No Teacher),0.856489648595084,0.7586521112344128
1,Teacher Distillation Only,0.7684615763840212,0.7148963815502208
2,Teacher Distillation Only,0.7586639668835446,0.7055458605382157
3,Teacher Distillation Only,0.7489605871417377,0.6962312784387757
4,Teacher Distillation Only,0.739229124971041,0.6869782381814152
5,Teacher Distillation Only,0.72962509048044,0.6777395352976133
6,Teacher Distillation Only,0.7200123084828725,0.6685693475358409
7,Teacher Distillation Only,0.7104783795025242,0.6594610761150046
8,Teacher Distillation Only,0.7009937175023301,0.6503861636433224
9,Teacher Distillation Only,0.6914865713339464,0.6414241692511883
10,Teacher Distillation Only,0.6821869838571627,0.6324252568729929
11,Teacher Distillation Only,0.6728018461577778,0.6235323020866833
12,Teacher Distillation Only,0.663396919834162,0.6147924203709533
13,Teacher Distillation Only,0.6542360544597494,0.6059900446219911
14,Teacher Distillation Only,0.6450169608266978,0.597235671098273
15,Teacher Distillation Only,0.6357311096379942,0.5886368749671924
16,Teacher Distillation Only,0.6267415538258372,0.579941590688833
17,Teacher Distillation Only,0.6175781257855637,0.5713716420934508
18,Teacher Distillation Only,0.6085112244136252,0.5628801146710457
19,Teacher Distillation Only,0.5995024676181535,0.5544226088012173
20,Teacher Distillation Only,0.5904958230070463,0.546028321490132
21,Teacher Distillation Only,0.5815733904500769,0.5376516026249198
22,Teacher Distillation Only,0.5727322535616954,0.5292583286854935
23,Teacher Distillation Only,0.5638999552860291,0.5208849020731022
24,Teacher Distillation Only,0.5550056172556304,0.5126418211782702
25,Teacher Distillation Only,0.5461085173404198,0.5045792197180017
26,Teacher Distillation Only,0.53758828015461,0.49633323478847047
27,Teacher Distillation Only,0.5288296311062682,0.4882157683187102
28,Teacher Distillation Only,0.5201978618073503,0.48014312889861466
29,Teacher Distillation Only,0.5116171910401428,0.47209042041891286
30,Teacher Distillation Only,0.5029766964951693,0.464191574516415
31,Teacher Distillation Only,0.4945451369984735,0.456265300465965
32,Teacher Distillation Only,0.4861651027615027,0.4483306527508547
33,Teacher Distillation Only,0.47760479718299437,0.4406054372179378
34,Teacher Distillation Only,0.46930662475072177,0.4328728405350289
35,Teacher Distillation Only,0.4609586970613659,0.4252394589814205
36,Teacher Distillation Only,0.4527839387464759,0.4175646396854988
37,Teacher Distillation Only,0.44458654844976925,0.4099505946016979
38,Teacher Distillation Only,0.4364089522958784,0.40243594744713457
39,Teacher Distillation Only,0.42831777824208606,0.39497764114273093
40,Teacher Distillation Only,0.4203412587304877,0.3875255137913705
41,Teacher Distillation Only,0.41238060844003466,0.38015474325761456
42,Teacher Distillation Only,0.4043879616201611,0.372949252417818
43,Teacher Distillation Only,0.39656819243603914,0.3657940298921398
44,Teacher Distillation Only,0.38885149212409875,0.35865812056913715
45,Teacher Distillation Only,0.3811257787159287,0.35162736144073276
46,Teacher Distillation Only,0.37358347761768484,0.3446073903822417
47,Teacher Distillation Only,0.366023995210547,0.337695304472376
48,Teacher Distillation Only,0.3585855869818755,0.3308409471904879
49,Teacher Distillation Only,0.3511664109724947,0.32412522261843524
50,Teacher Distillation Only,0.34392011566256375,0.3174571698968926
51,Teacher Distillation Only,0.3366706888993843,0.31091299194199484
52,Teacher Distillation Only,0.3296267079855308,0.30437941147046366
53,Teacher Distillation Only,0.32254586468222113,0.29802385329458614
54,Teacher Distillation Only,0.31571329389215497,0.2916773242490659
55,Teacher Distillation Only,0.3088443337103484,0.2855019282960966
56,Teacher Distillation Only,0.30218386765956096,0.2793957032089471
57,Teacher Distillation Only,0.29554425529043205,0.27345002768199145
58,Teacher Distillation Only,0.2891321654522046,0.2675578495021185
59,Teacher Distillation Only,0.28273163289568176,0.2618417657367178
60,Teacher Distillation Only,0.276497056947705,0.2562463482375464
61,Teacher Distillation Only,0.2704366392908615,0.2507082403262333
62,Teacher Distillation Only,0.2644723127367469,0.24528757961319173
63,Teacher Distillation Only,0.2586256585070093,0.23998786247165912
64,Teacher Distillation Only,0.25287366256093274,0.2348597527569968
65,Teacher Distillation Only,0.2473302428323708,0.2298332800390561
66,Teacher Distillation Only,0.2418645971591233,0.22497628863269398
67,Teacher Distillation Only,0.23659429649348315,0.22022638619409565
68,Teacher Distillation Only,0.23147400608270918,0.21557715910589714
69,Teacher Distillation Only,0.22642008195795377,0.2111138941526042
70,Teacher Distillation Only,0.2215976743810063,0.20675129588247274
71,Teacher Distillation Only,0.21692443617191504,0.20248937991507132
72,Teacher Distillation Only,0.21229537343959243,0.1984452711849895
73,Teacher Distillation Only,0.2079204546560762,0.19450683958979084
74,Teacher Distillation Only,0.20362243241886724,0.190754777211609
75,Teacher Distillation Only,0.19955633075959991,0.18708972014127587
76,Teacher Distillation Only,0.19562805870906919,0.18352780561795687
77,Teacher Distillation Only,0.19178443814227372,0.18014327433209398
78,Teacher Distillation Only,0.18813108082559984,0.1768838310408555
79,Teacher Distillation Only,0.18458699334590792,0.17377631883042782
80,Teacher Distillation Only,0.1812182195595108,0.17078618712225005
81,Teacher Distillation Only,0.17798867787815986,0.167908858502078
82,Teacher Distillation Only,0.1748515235729626,0.16518520738807843
83,Teacher Distillation Only,0.1718924752128183,0.16256029058021854
84,Teacher Distillation Only,0.1690433177906756,0.16005725493512665
85,Teacher Distillation Only,0.1663330007276975,0.15765527275450308
86,Teacher Distillation Only,0.16371204873678907,0.15538662970993047
87,Teacher Distillation Only,0.16128415266018134,0.15317397364190727
88,Teacher Distillation Only,0.15889794931576712,0.15109268637319004
89,Teacher Distillation Only,0.15660986832820212,0.14914830967575357
90,Teacher Distillation Only,0.15447872425421852,0.14729235303902516
91,Teacher Distillation Only,0.1524719787095681,0.14549215385924974
92,Teacher Distillation Only,0.15051086974104705,0.14380679962052897
93,Teacher Distillation Only,0.14864964622151125,0.14222077705533842
94,Teacher Distillation Only,0.1469268203714534,0.14068573759651481
95,Teacher Distillation Only,0.14526011098845198,0.13923356254493838
96,Teacher Distillation Only,0.1436611386362764,0.13787241725028024
97,Teacher Distillation Only,0.14216759421385494,0.1365743374240528
98,Teacher Distillation Only,0.14074868540689225,0.13533846966771648
99,Teacher Distillation Only,0.1393630550195397,0.13420235095647037
100,Teacher Distillation Only,0.13811224817345916,0.13308991076972215
101,Teacher Distillation Only,0.13689986063778106,0.1320270110344627
102,Teacher Distillation Only,0.1357153921632044,0.13104471119343772
103,Teacher Distillation Only,0.1346354953515078,0.13009432287275513
104,Teacher Distillation Only,0.1335926104048528,0.1291981475025091
105,Teacher Distillation Only,0.13259040620024554,0.1283612744433698
106,Teacher Distillation Only,0.1316582574114768,0.12755782213960057
107,Teacher Distillation Only,0.13076525997290697,0.12679925222604493
108,Teacher Distillation Only,0.12991764433006872,0.12608445874917934
109,Teacher Distillation Only,0.12912186972391862,0.1253954961223884
110,Teacher Distillation Only,0.12835208426492023,0.12474982938721985
111,Teacher Distillation Only,0.12759926856742462,0.12415534665758836
112,Teacher Distillation Only,0.12693629217697722,0.12355999497937192
113,Teacher Distillation Only,0.1262539650232238,0.12301938041094487
114,Teacher Distillation Only,0.12564047044741458,0.12248630100979961
115,Teacher Distillation Only,0.12503130222859454,0.12198749930825241
116,Teacher Distillation Only,0.12446157034038516,0.1215077588105832
117,Teacher Distillation Only,0.12391870609519902,0.12104660342121569
118,Teacher Distillation Only,0.12338297983763442,0.12061768930121491
119,Teacher Distillation Only,0.12289419863526471,0.12019540622111984
120,Teacher Distillation Only,0.12240636447410803,0.1197976303137665
1,Teacher+Shortest+Risk,2.0449532587013683,1.8410759194642536
2,Teacher+Shortest+Risk,2.0273360557964644,1.8245488103033038
3,Teacher+Shortest+Risk,2.009863842613811,1.808175217493511
4,Teacher+Shortest+Risk,1.9928377622434688,1.7916949859488622
5,Teacher+Shortest+Risk,1.9753551844513593,1.7756662020230924
6,Teacher+Shortest+Risk,1.9583767590844847,1.759676752342592
7,Teacher+Shortest+Risk,1.9415011962123916,1.7437367817476785
8,Teacher+Shortest+Risk,1.924491977377425,1.7280791491779903
9,Teacher+Shortest+Risk,1.9077411738808898,1.712536954212337
10,Teacher+Shortest+Risk,1.8912782331274998,1.69688813311872
11,Teacher+Shortest+Risk,1.874570365242746,1.6815684675984954
12,Teacher+Shortest+Risk,1.858235627697563,1.6662368611266045
13,Teacher+Shortest+Risk,1.8420702233542328,1.6508883132163326
14,Teacher+Shortest+Risk,1.8256185006466885,1.6359495308313918
15,Teacher+Shortest+Risk,1.8096688512129682,1.620980211587197
16,Teacher+Shortest+Risk,1.793651378645732,1.6061777260218215
17,Teacher+Shortest+Risk,1.77777014265736,1.5914797656829027
18,Teacher+Shortest+Risk,1.7619546778708746,1.5769211960432132
19,Teacher+Shortest+Risk,1.7464351224349397,1.5622898401405727
20,Teacher+Shortest+Risk,1.730642849452413,1.547981186565678
21,Teacher+Shortest+Risk,1.7151552499617149,1.5337598223708466
22,Teacher+Shortest+Risk,1.6995986044505087,1.5197753943329095
23,Teacher+Shortest+Risk,1.6846208415274957,1.5055099260380629
24,Teacher+Shortest+Risk,1.669214165230363,1.4915508074486052
25,Teacher+Shortest+Risk,1.6541443906073907,1.477670507890811
26,Teacher+Shortest+Risk,1.639187075082317,1.4638449667401114
27,Teacher+Shortest+Risk,1.624169613187749,1.4502758972381544
28,Teacher+Shortest+Risk,1.6095689360353072,1.436631589803503
29,Teacher+Shortest+Risk,1.5947097610995247,1.4232933895769608
30,Teacher+Shortest+Risk,1.5799260923457892,1.4102735890200127
31,Teacher+Shortest+Risk,1.5658949946257388,1.396881299664036
32,Teacher+Shortest+Risk,1.5514644121613101,1.3837181535516148
33,Teacher+Shortest+Risk,1.5370772150438738,1.3708182805062823
34,Teacher+Shortest+Risk,1.5229956175978534,1.3579854798354034
35,Teacher+Shortest+Risk,1.5090281004175126,1.3452258688480265
36,Teacher+Shortest+Risk,1.4951228905352572,1.3326390026887505
37,Teacher+Shortest+Risk,1.4812522596739466,1.3202979813096682
38,Teacher+Shortest+Risk,1.467632408786252,1.3080645045077264
39,Teacher+Shortest+Risk,1.4543060902905032,1.2957450538920021
40,Teacher+Shortest+Risk,1.440921330609078,1.2835904027959608
41,Teacher+Shortest+Risk,1.427520118160342,1.271777826742288
42,Teacher+Shortest+Risk,1.414557360267325,1.2599628983908455
43,Teacher+Shortest+Risk,1.401794685170521,1.2481623452336383
44,Teacher+Shortest+Risk,1.3887985944355143,1.2367652367284843
45,Teacher+Shortest+Risk,1.3761632182452785,1.2255580339980534
46,Teacher+Shortest+Risk,1.363732779752678,1.21445318847941
47,Teacher+Shortest+Risk,1.3515297419942387,1.2034085004548447
48,Teacher+Shortest+Risk,1.3395259236582422,1.192409475335437
49,Teacher+Shortest+Risk,1.3273890187752109,1.1818116211779937
50,Teacher+Shortest+Risk,1.315671041494932,1.1713584896936016
51,Teacher+Shortest+Risk,1.304137598977254,1.1610345862701559
52,Teacher+Shortest+Risk,1.2928385824112365,1.1508142039712814
53,Teacher+Shortest+Risk,1.2815655362664966,1.1409024168877728
54,Teacher+Shortest+Risk,1.270682767117043,1.1311007054004105
55,Teacher+Shortest+Risk,1.2597250282469847,1.1217238254161497
56,Teacher+Shortest+Risk,1.2495323455706853,1.112184361017325
57,Teacher+Shortest+Risk,1.2390599501388273,1.1030594093803299
58,Teacher+Shortest+Risk,1.2289250171557682,1.0942327423748295
59,Teacher+Shortest+Risk,1.219218727195086,1.085492662842129
60,Teacher+Shortest+Risk,1.2095008912157188,1.0771001086079315
61,Teacher+Shortest+Risk,1.2001982929286297,1.068892944656301
62,Teacher+Shortest+Risk,1.1911502368367681,1.060873346788516
63,Teacher+Shortest+Risk,1.1822572125241626,1.0531408071147152
64,Teacher+Shortest+Risk,1.1737607418214273,1.045579272517891
65,Teacher+Shortest+Risk,1.1654202875234738,1.0383137065923047
66,Teacher+Shortest+Risk,1.1573512609943724,1.0313208711277084
67,Teacher+Shortest+Risk,1.1496431884105751,1.0244753542435856
68,Teacher+Shortest+Risk,1.1420435057833325,1.0179714830259141
69,Teacher+Shortest+Risk,1.1348634687640522,1.0116531103617667
70,Teacher+Shortest+Risk,1.1279087836895587,1.0055707186970333
71,Teacher+Shortest+Risk,1.1212165755141508,0.9997251964468237
72,Teacher+Shortest+Risk,1.1147152807213723,0.9942011514310704
73,Teacher+Shortest+Risk,1.108562670233222,0.9888953877088626
74,Teacher+Shortest+Risk,1.1026743661041511,0.9838033026521721
75,Teacher+Shortest+Risk,1.0970538704163553,0.9789185523986816
76,Teacher+Shortest+Risk,1.0916141949139866,0.9743211551179782
77,Teacher+Shortest+Risk,1.0865023087041186,0.9699149231888458
78,Teacher+Shortest+Risk,1.08162728157232,0.9657031536843876
79,Teacher+Shortest+Risk,1.0769310134246675,0.9617524517824638
80,Teacher+Shortest+Risk,1.0725420598339603,0.9579763568207784
81,Teacher+Shortest+Risk,1.0683238260828487,0.9544288596691648
82,Teacher+Shortest+Risk,1.0643586427218832,0.9510672808064272
83,Teacher+Shortest+Risk,1.0606083390740233,0.9478742123391728
84,Teacher+Shortest+Risk,1.0570106408741369,0.9449063315176481
85,Teacher+Shortest+Risk,1.0536605845958829,0.9420873032387456
86,Teacher+Shortest+Risk,1.0504904757221605,0.9394214865208413
87,Teacher+Shortest+Risk,1.047533852460946,0.9368736936738294
88,Teacher+Shortest+Risk,1.0446781753118977,0.9345227010884144
89,Teacher+Shortest+Risk,1.0420447900621266,0.932295968336043
90,Teacher+Shortest+Risk,1.0394932556780794,0.9302569718605623
91,Teacher+Shortest+Risk,1.0371996358748912,0.9282969464410334
92,Teacher+Shortest+Risk,1.0349697012092176,0.9264813948938302
93,Teacher+Shortest+Risk,1.0329075735522653,0.924774099842386
94,Teacher+Shortest+Risk,1.030931678713841,0.9232037123031972
95,Teacher+Shortest+Risk,1.0291469502488313,0.9217002440018008
96,Teacher+Shortest+Risk,1.0274092112970117,0.9203166843016819
97,Teacher+Shortest+Risk,1.0258033390296546,0.9190163879335205
98,Teacher+Shortest+Risk,1.0242893590565765,0.9178002006714674
99,Teacher+Shortest+Risk,1.0228910964049853,0.916642005855151
100,Teacher+Shortest+Risk,1.021524032218845,0.9155909866789822
101,Teacher+Shortest+Risk,1.0202726061693723,0.9146039385817841
102,Teacher+Shortest+Risk,1.0191410058412755,0.9136354915832472
103,Teacher+Shortest+Risk,1.0179998829101613,0.9127650327667663
104,Teacher+Shortest+Risk,1.0169680999963249,0.9119449955864605
105,Teacher+Shortest+Risk,1.0159929252338566,0.9111741278813008
106,Teacher+Shortest+Risk,1.0150924887256527,0.9104374767647561
107,Teacher+Shortest+Risk,1.014199181561415,0.9097722118045457
108,Teacher+Shortest+Risk,1.0133980511833456,0.9091313853048796
109,Teacher+Shortest+Risk,1.0126270254518488,0.9085281025009986
110,Teacher+Shortest+Risk,1.0118873703813631,0.907969098068878
111,Teacher+Shortest+Risk,1.0112102141097508,0.9074290647847841
112,Teacher+Shortest+Risk,1.0105563665143347,0.9069251591458476
113,Teacher+Shortest+Risk,1.00994019677258,0.906446475448727
114,Teacher+Shortest+Risk,1.0093402523185315,0.9060028733955016
115,Teacher+Shortest+Risk,1.0087870126697533,0.9055767292924468
116,Teacher+Shortest+Risk,1.0082601892103669,0.9051648395057785
117,Teacher+Shortest+Risk,1.0077503241267196,0.9047758701615163
118,Teacher+Shortest+Risk,1.0072711394685496,0.9044011447514939
119,Teacher+Shortest+Risk,1.0067966328421378,0.904049942689958
120,Teacher+Shortest+Risk,1.0063493586450667,0.9037166064486348
1,Shortest-Oracle Only,1.460482391375655,1.190418192680846
2,Shortest-Oracle Only,1.4480331074071744,1.179440549079408
3,Shortest-Oracle Only,1.4359395318495067,1.1684243671799865
4,Shortest-Oracle Only,1.4237108248427621,1.157527827926682
5,Shortest-Oracle Only,1.41145579485921,1.1468339277980537
6,Shortest-Oracle Only,1.3994829419644197,1.1361150618382139
7,Shortest-Oracle Only,1.3876035317815747,1.1253726685300787
8,Shortest-Oracle Only,1.3757181640277778,1.11465877167722
9,Shortest-Oracle Only,1.3637938617768133,1.1040911493330379
10,Shortest-Oracle Only,1.3519381879075607,1.0935877108646381
11,Shortest-Oracle Only,1.3402238529717436,1.0830621523697688
12,Shortest-Oracle Only,1.3285758672311518,1.0725533295547347
13,Shortest-Oracle Only,1.3169506220052565,1.062080908691267
14,Shortest-Oracle Only,1.3055407984100178,1.0515601192926562
15,Shortest-Oracle Only,1.2937641726864049,1.0414020493400133
16,Shortest-Oracle Only,1.28246298888675,1.0311148500007699
17,Shortest-Oracle Only,1.2710929143854903,1.0208585276792115
18,Shortest-Oracle Only,1.259694607557105,1.0107153882371618
19,Shortest-Oracle Only,1.2483720677352803,1.000614554686387
20,Shortest-Oracle Only,1.2372567489656525,0.9904015397590706
21,Shortest-Oracle Only,1.2259592841093676,0.9803710063540102
22,Shortest-Oracle Only,1.214798108379938,0.9703065921470387
23,Shortest-Oracle Only,1.2038121489218048,0.9602149330011617
24,Shortest-Oracle Only,1.1927739416671017,0.9501928783115282
25,Shortest-Oracle Only,1.1817354740743724,0.9402953802995768
26,Shortest-Oracle Only,1.1707090709869403,0.9305138414029293
27,Shortest-Oracle Only,1.1599741518943387,0.9206388409739207
28,Shortest-Oracle Only,1.149216742765279,0.910791642760071
29,Shortest-Oracle Only,1.1385380697171092,0.9009590322848149
30,Shortest-Oracle Only,1.127695590282418,0.8913726125444684
31,Shortest-Oracle Only,1.1171730483658395,0.8817284549260936
32,Shortest-Oracle Only,1.106473984088089,0.8722134977126194
33,Shortest-Oracle Only,1.0961118700498358,0.8625480469236982
34,Shortest-Oracle Only,1.0856110829466696,0.852965611454926
35,Shortest-Oracle Only,1.0750299650732913,0.8436243787724921
36,Shortest-Oracle Only,1.064869857646977,0.8341401137841871
37,Shortest-Oracle Only,1.0545548478861402,0.8247532069139567
38,Shortest-Oracle Only,1.0443403147898014,0.8154104255977735
39,Shortest-Oracle Only,1.0342534197437099,0.8061198057737031
40,Shortest-Oracle Only,1.0240685889449401,0.7970287647653134
41,Shortest-Oracle Only,1.0142723290799365,0.7878153070490411
42,Shortest-Oracle Only,1.0041945934890215,0.7788143926116109
43,Shortest-Oracle Only,0.9945070566381897,0.769705729643987
44,Shortest-Oracle Only,0.9845722554330517,0.7608920006041832
45,Shortest-Oracle Only,0.9750752664960035,0.7519828345637916
46,Shortest-Oracle Only,0.9655105686643574,0.7431682855524915
47,Shortest-Oracle Only,0.9559466660964122,0.7344957307479302
48,Shortest-Oracle Only,0.9466656017580928,0.7257971071544752
49,Shortest-Oracle Only,0.937231782428047,0.7173317862861425
50,Shortest-Oracle Only,0.9280920582717395,0.7088896731837542
51,Shortest-Oracle Only,0.9190173559553506,0.700520256007696
52,Shortest-Oracle Only,0.9100613779161537,0.6922052381248822
53,Shortest-Oracle Only,0.9011101994926694,0.6840967153705725
54,Shortest-Oracle Only,0.8923096006350625,0.676099136245287
55,Shortest-Oracle Only,0.8836625774701437,0.6681670707772206
56,Shortest-Oracle Only,0.875121308621623,0.6603366252499149
57,Shortest-Oracle Only,0.8668608402472581,0.6524603421202546
58,Shortest-Oracle Only,0.8584389390097196,0.6448875096793595
59,Shortest-Oracle Only,0.850311952933409,0.637415150740951
60,Shortest-Oracle Only,0.8423675977281997,0.6300010655788665
61,Shortest-Oracle Only,0.8344739371701666,0.6227689245913891
62,Shortest-Oracle Only,0.8267235724210541,0.6157231537404394
63,Shortest-Oracle Only,0.819264937854269,0.60871460952295
64,Shortest-Oracle Only,0.8117355979985231,0.6019922136173422
65,Shortest-Oracle Only,0.8045240935542043,0.5953786441982698
66,Shortest-Oracle Only,0.7974450601703013,0.5888794794633396
67,Shortest-Oracle Only,0.7905734845032221,0.5824656044458546
68,Shortest-Oracle Only,0.7836536570380156,0.5764053599812702
69,Shortest-Oracle Only,0.7771229513565501,0.5703558523241872
70,Shortest-Oracle Only,0.7707365888114384,0.5643834582215747
71,Shortest-Oracle Only,0.7644716488254735,0.5585621700460788
72,Shortest-Oracle Only,0.7582815562895904,0.5530059076732415
73,Shortest-Oracle Only,0.7522939484513806,0.547671761556237
74,Shortest-Oracle Only,0.7466052745444915,0.5424132481172093
75,Shortest-Oracle Only,0.7410056790707018,0.5373210794657559
76,Shortest-Oracle Only,0.7356280309997394,0.532330275668924
77,Shortest-Oracle Only,0.7302572214098048,0.5276360917598644
78,Shortest-Oracle Only,0.7252614534505684,0.5229895571444897
79,Shortest-Oracle Only,0.7203291199550169,0.5185358219958366
80,Shortest-Oracle Only,0.7156407816005764,0.5142042582520598
81,Shortest-Oracle Only,0.7109623614094799,0.5101435619284679
82,Shortest-Oracle Only,0.7065934383512436,0.5061995287434309
83,Shortest-Oracle Only,0.7023585890098502,0.5023664641887584
84,Shortest-Oracle Only,0.6983350034663802,0.49861616095511024
85,Shortest-Oracle Only,0.6943412642625602,0.49510177181846826
86,Shortest-Oracle Only,0.6905869710673319,0.4917088178153458
87,Shortest-Oracle Only,0.6869425460485648,0.4884820585917557
88,Shortest-Oracle Only,0.6834459560965858,0.48540739556576346
89,Shortest-Oracle Only,0.6801184121609131,0.4824402527968572
90,Shortest-Oracle Only,0.6769749439565321,0.4795213919642486
91,Shortest-Oracle Only,0.6738479492075723,0.476802418297185
92,Shortest-Oracle Only,0.6709315581214695,0.4741782924686884
93,Shortest-Oracle Only,0.668077823418136,0.4717072491225501
94,Shortest-Oracle Only,0.6654100840327547,0.4693035474301834
95,Shortest-Oracle Only,0.6628389844771534,0.46700901898207275
96,Shortest-Oracle Only,0.6603464565174042,0.4648335639466631
97,Shortest-Oracle Only,0.658009439444205,0.46274330695711735
98,Shortest-Oracle Only,0.6556968043371726,0.460812016098695
99,Shortest-Oracle Only,0.653596152341673,0.4588953818231368
100,Shortest-Oracle Only,0.6514974572712049,0.4570934620309383
101,Shortest-Oracle Only,0.6495315912160294,0.4553630616527198
102,Shortest-Oracle Only,0.6476387168007499,0.4537262909318176
103,Shortest-Oracle Only,0.645859129242568,0.45214040373596376
104,Shortest-Oracle Only,0.6441167116561535,0.4506419657936212
105,Shortest-Oracle Only,0.6424804093534512,0.44919799490177886
106,Shortest-Oracle Only,0.6409002751879957,0.4478240900851311
107,Shortest-Oracle Only,0.639370833192383,0.44653520758028814
108,Shortest-Oracle Only,0.6379340530928234,0.4453006468283007
109,Shortest-Oracle Only,0.6365711597036741,0.4440931523824535
110,Shortest-Oracle Only,0.6352345510710307,0.4429441288249471
111,Shortest-Oracle Only,0.6339583859182059,0.4418392340825322
112,Shortest-Oracle Only,0.6327324094617753,0.4407825469970703
113,Shortest-Oracle Only,0.6315507470620045,0.4397717228776416
114,Shortest-Oracle Only,0.6304372210801886,0.4387838050587199
115,Shortest-Oracle Only,0.629340186529326,0.43784694396253776
116,Shortest-Oracle Only,0.6282914659923449,0.4369444897834291
117,Shortest-Oracle Only,0.6273046134019631,0.43604935302560455
118,Shortest-Oracle Only,0.6263106786302993,0.43520853149854666
119,Shortest-Oracle Only,0.6253759627132146,0.434396117291552
120,Shortest-Oracle Only,0.6244699542064619,0.43359615012867475
1,Risk-Oracle Only,0.7732891409375324,0.5080059312601038
2,Risk-Oracle Only,0.7695556811957387,0.5053101627093861
3,Risk-Oracle Only,0.7657875394682436,0.5027039993248631
4,Risk-Oracle Only,0.7621276020805536,0.5001150519901315
5,Risk-Oracle Only,0.7584539878695385,0.4975622740254304
6,Risk-Oracle Only,0.7549428549094291,0.4950019543294124
7,Risk-Oracle Only,0.751217232796914,0.4925820797930916
8,Risk-Oracle Only,0.747789732823249,0.49009513805158955
9,Risk-Oracle Only,0.7443400533815671,0.4876318544624968
10,Risk-Oracle Only,0.7408096495610124,0.4852837762118835
11,Risk-Oracle Only,0.7375811024695165,0.482840684590731
12,Risk-Oracle Only,0.734141127139652,0.4804936251787067
13,Risk-Oracle Only,0.7308580853398007,0.47816522512301846
14,Risk-Oracle Only,0.7275853866304047,0.47586067346997535
15,Risk-Oracle Only,0.724316539411632,0.47364233590458665
16,Risk-Oracle Only,0.7211828302762355,0.4713970240669772
17,Risk-Oracle Only,0.7180343787965434,0.46919976779483374
18,Risk-Oracle Only,0.7149266605662586,0.4670235737025919
19,Risk-Oracle Only,0.7119125354121549,0.4648467869834697
20,Risk-Oracle Only,0.7088132816062603,0.46273571823505644
21,Risk-Oracle Only,0.7058686395932116,0.4605845353342479
22,Risk-Oracle Only,0.7028043975061113,0.4585537745823976
23,Risk-Oracle Only,0.6999680649064921,0.4564612588440394
24,Risk-Oracle Only,0.6970403734882573,0.4544231539711039
25,Risk-Oracle Only,0.6942217700400158,0.45242141200778696
26,Risk-Oracle Only,0.6914038554589548,0.45046821046382823
27,Risk-Oracle Only,0.6886463860819365,0.44851076245126753
28,Risk-Oracle Only,0.6858473762312435,0.44661754487495653
29,Risk-Oracle Only,0.6832242776826334,0.44467183231945095
30,Risk-Oracle Only,0.680562858103913,0.44278233609300977
31,Risk-Oracle Only,0.6779050499324688,0.4409451308040271
32,Risk-Oracle Only,0.6752731843977696,0.439193328010275
33,Risk-Oracle Only,0.6728690973788822,0.4373752055831231
34,Risk-Oracle Only,0.6703194346412062,0.43561698129474213
35,Risk-Oracle Only,0.6677743611589433,0.43396053429251386
36,Risk-Oracle Only,0.6654409762283018,0.43223190334792555
37,Risk-Oracle Only,0.6630471928062185,0.4305574870399429
38,Risk-Oracle Only,0.6607363285170132,0.4288733397754855
39,Risk-Oracle Only,0.6583788316891972,0.4272469838339507
40,Risk-Oracle Only,0.6560651028939118,0.4257074945059953
41,Risk-Oracle Only,0.653907668838279,0.4241212225974874
42,Risk-Oracle Only,0.6517064848445597,0.4225501130960633
43,Risk-Oracle Only,0.6495356970842144,0.4210217567925033
44,Risk-Oracle Only,0.6473979788230839,0.4195555617925244
45,Risk-Oracle Only,0.6452709019877766,0.4181770465837786
46,Risk-Oracle Only,0.6433899577369515,0.4167132076883751
47,Risk-Oracle Only,0.641293324239038,0.4153758412436511
48,Risk-Oracle Only,0.6393799344896774,0.41403826210636496
49,Risk-Oracle Only,0.6374901562656646,0.4127118859247596
50,Risk-Oracle Only,0.6356443153801107,0.41140924217490804
51,Risk-Oracle Only,0.6338413134180102,0.41013978734204837
52,Risk-Oracle Only,0.632002425976624,0.40894988786123443
53,Risk-Oracle Only,0.6302661310903053,0.4077855469970355
54,Risk-Oracle Only,0.6286206647741329,0.40661833731961466
55,Risk-Oracle Only,0.626962714113995,0.40549082977068823
56,Risk-Oracle Only,0.625357927948063,0.4044025701592396
57,Risk-Oracle Only,0.6237364513321113,0.40340872122523996
58,Risk-Oracle Only,0.6222997715249224,0.4023702448986946
59,Risk-Oracle Only,0.6207815886435664,0.4013965811048235
60,Risk-Oracle Only,0.6193621306744399,0.40043769563947407
61,Risk-Oracle Only,0.6179392565911944,0.39953301960211757
62,Risk-Oracle Only,0.6165834297117152,0.3986467126654999
63,Risk-Oracle Only,0.6152866534015484,0.3977803593348587
64,Risk-Oracle Only,0.6140083364764553,0.39694470402679904
65,Risk-Oracle Only,0.6127268966098478,0.39616261064825087
66,Risk-Oracle Only,0.611552177591316,0.3953853841972931
67,Risk-Oracle Only,0.6103778569081973,0.39463469721263666
68,Risk-Oracle Only,0.6092575788597018,0.3939073698136582
69,Risk-Oracle Only,0.6081399195905735,0.3932160070239592
70,Risk-Oracle Only,0.6071013222509687,0.3925284846575427
71,Risk-Oracle Only,0.6060208852649825,0.3919030667075995
72,Risk-Oracle Only,0.6050288288769679,0.3912906179312152
73,Risk-Oracle Only,0.6040599244292933,0.39070219689227165
74,Risk-Oracle Only,0.603156837124876,0.3901131156730072
75,Risk-Oracle Only,0.6021955704748482,0.3895800280353581
76,Risk-Oracle Only,0.6013393669255257,0.3890380261516861
77,Risk-Oracle Only,0.6004630249733739,0.38852878327065327
78,Risk-Oracle Only,0.5996481369558415,0.38802003389433887
79,Risk-Oracle Only,0.5988245458872439,0.3875464476350593
80,Risk-Oracle Only,0.5980282056856829,0.3870970344108651
81,Risk-Oracle Only,0.5972920727452335,0.3866328867010795
82,Risk-Oracle Only,0.5965177545969623,0.38620435829220573
83,Risk-Oracle Only,0.5958207896473203,0.38577576140139963
84,Risk-Oracle Only,0.5950940230045334,0.3853713875483597
85,Risk-Oracle Only,0.5944054676608452,0.384974490545441
86,Risk-Oracle Only,0.5937276753404194,0.3845863719116953
87,Risk-Oracle Only,0.5930522749548839,0.3842180213667339
88,Risk-Oracle Only,0.5924285812023176,0.3838392561329897
89,Risk-Oracle Only,0.5918043221618766,0.38347009141394434
90,Risk-Oracle Only,0.5911620399799331,0.3831246616630206
91,Risk-Oracle Only,0.590570279428192,0.38277073363040354
92,Risk-Oracle Only,0.5899602310269055,0.38243982675952387
93,Risk-Oracle Only,0.5893847612272375,0.38210995762543837
94,Risk-Oracle Only,0.588801546970805,0.3817928243190684
95,Risk-Oracle Only,0.5882533664814353,0.38146938306582373
96,Risk-Oracle Only,0.5876864757720174,0.3811568510930951
97,Risk-Oracle Only,0.5871350794262621,0.38085309386615696
98,Risk-Oracle Only,0.5866127469147233,0.38054721804737685
99,Risk-Oracle Only,0.5861027912407841,0.38023871129044645
100,Risk-Oracle Only,0.5855605815909648,0.37995221078577013
101,Risk-Oracle Only,0.5850599596228881,0.37965892223601644
102,Risk-Oracle Only,0.5845483064750583,0.37937563096136306
103,Risk-Oracle Only,0.5840583542933191,0.379097345389856
104,Risk-Oracle Only,0.5835585610527647,0.3788260899053881
105,Risk-Oracle Only,0.5831127242257172,0.37853701933539025
106,Risk-Oracle Only,0.5826047261060523,0.37827631912695237
107,Risk-Oracle Only,0.5821412747142123,0.37800895370610943
108,Risk-Oracle Only,0.5816937977139988,0.37773646337283057
109,Risk-Oracle Only,0.5812153629729476,0.37747817851127463
110,Risk-Oracle Only,0.5807654060925034,0.37721954761667453
111,Risk-Oracle Only,0.5803304770541805,0.37696021994558876
112,Risk-Oracle Only,0.5798746957049604,0.376707904606967
113,Risk-Oracle Only,0.5794690884854133,0.37645155028369287
114,Risk-Oracle Only,0.5790033711410024,0.37621100260493967
115,Risk-Oracle Only,0.5785886037676709,0.3759727380196012
116,Risk-Oracle Only,0.5781906628846528,0.3757280854106312
117,Risk-Oracle Only,0.5777621700678482,0.3754961838475839
118,Risk-Oracle Only,0.5773623505237195,0.375256178589215
119,Risk-Oracle Only,0.5769608781323865,0.3750164338520595
120,Risk-Oracle Only,0.576540919105311,0.3747950292285815
1,Shortest+Risk (No Teacher),1.2114851643914297,0.8651389959735348
2,Shortest+Risk (No Teacher),1.2039774390923808,0.8591461225121217
3,Shortest+Risk (No Teacher),1.1964699763411397,0.853187623357338
4,Shortest+Risk (No Teacher),1.1890363009096876,0.8472757187295468
5,Shortest+Risk (No Teacher),1.1817067664361258,0.8413822150882616
6,Shortest+Risk (No Teacher),1.1744358356060431,0.8355282084920124
7,Shortest+Risk (No Teacher),1.1671352102274906,0.8298003832982304
8,Shortest+Risk (No Teacher),1.1600403219882587,0.8240409839479395
9,Shortest+Risk (No Teacher),1.1529927121730814,0.8183441321538212
10,Shortest+Risk (No Teacher),1.1459278896463383,0.8127757973946337
11,Shortest+Risk (No Teacher),1.1389377448525115,0.8072943491776301
12,Shortest+Risk (No Teacher),1.1321357812667427,0.8017810195412679
13,Shortest+Risk (No Teacher),1.1253180150874733,0.7962934456335375
14,Shortest+Risk (No Teacher),1.1185997167331223,0.7907655152144041
15,Shortest+Risk (No Teacher),1.1117563427435986,0.7854056148181208
16,Shortest+Risk (No Teacher),1.1051794054601356,0.7800051100710605
17,Shortest+Risk (No Teacher),1.0984463235287496,0.7747686989039273
18,Shortest+Risk (No Teacher),1.0920319350679417,0.769446780254051
19,Shortest+Risk (No Teacher),1.085538355033792,0.7641797420826364
20,Shortest+Risk (No Teacher),1.0790276889293668,0.7590351249671634
21,Shortest+Risk (No Teacher),1.0727056581183265,0.7538462591026329
22,Shortest+Risk (No Teacher),1.0663754328428856,0.7487201473270868
23,Shortest+Risk (No Teacher),1.0600891088309727,0.7436466666340465
24,Shortest+Risk (No Teacher),1.0538462085914135,0.7386318905375286
25,Shortest+Risk (No Teacher),1.047630164629206,0.7337221410861494
26,Shortest+Risk (No Teacher),1.0416487856101515,0.7287332989886901
27,Shortest+Risk (No Teacher),1.0355864288107317,0.7237963386582024
28,Shortest+Risk (No Teacher),1.0296315420694582,0.7188939113385047
29,Shortest+Risk (No Teacher),1.0236847181470812,0.7140904893266394
30,Shortest+Risk (No Teacher),1.0177995102264836,0.709350427958016
31,Shortest+Risk (No Teacher),1.0119859552938346,0.7046498947955192
32,Shortest+Risk (No Teacher),1.0062995070332996,0.6999143054057761
33,Shortest+Risk (No Teacher),1.0005361619633828,0.6953002174574553
34,Shortest+Risk (No Teacher),0.9949478063599229,0.6906859215269697
35,Shortest+Risk (No Teacher),0.9893877302024727,0.6861593947946845
36,Shortest+Risk (No Teacher),0.9839678184449029,0.6816158468600102
37,Shortest+Risk (No Teacher),0.978480184563774,0.6771943641651003
38,Shortest+Risk (No Teacher),0.9731329039544337,0.6728169294838485
39,Shortest+Risk (No Teacher),0.9678654805284089,0.6684956992650829
40,Shortest+Risk (No Teacher),0.9626431330778356,0.6642346838687329
41,Shortest+Risk (No Teacher),0.9575446152528524,0.6599813848280979
42,Shortest+Risk (No Teacher),0.9524413261033056,0.6558276469221955
43,Shortest+Risk (No Teacher),0.9475465550188809,0.6516571740611345
44,Shortest+Risk (No Teacher),0.9424808585039299,0.6476864510394157
45,Shortest+Risk (No Teacher),0.9377537979449417,0.6436628070645781
46,Shortest+Risk (No Teacher),0.932893351287715,0.6398310125055284
47,Shortest+Risk (No Teacher),0.928276694108324,0.6359950083005029
48,Shortest+Risk (No Teacher),0.9236610855743078,0.6322527359321849
49,Shortest+Risk (No Teacher),0.9192172585778304,0.6285300957758013
50,Shortest+Risk (No Teacher),0.9147519665565078,0.624932419565311
51,Shortest+Risk (No Teacher),0.9104715022164787,0.6213791710989816
52,Shortest+Risk (No Teacher),0.9062058969427919,0.6179404737014539
53,Shortest+Risk (No Teacher),0.9021243149800193,0.6145386297289723
54,Shortest+Risk (No Teacher),0.8980250426757762,0.6112706856887029
55,Shortest+Risk (No Teacher),0.8941626491094765,0.608011867862342
56,Shortest+Risk (No Teacher),0.8902693793957964,0.6048763686038078
57,Shortest+Risk (No Teacher),0.8864766161241634,0.6018705853575269
58,Shortest+Risk (No Teacher),0.8829167215405953,0.5988923314856903
59,Shortest+Risk (No Teacher),0.8793281991186482,0.5960582005579058
60,Shortest+Risk (No Teacher),0.8759790070534546,0.5932498641289476
61,Shortest+Risk (No Teacher),0.8726037745463878,0.5906098323752452
62,Shortest+Risk (No Teacher),0.869385935253435,0.5880713752700203
63,Shortest+Risk (No Teacher),0.8663171678707189,0.5855972310330005
64,Shortest+Risk (No Teacher),0.8633659743905959,0.583200363402671
65,Shortest+Risk (No Teacher),0.8604247767134497,0.5809380529861682
66,Shortest+Risk (No Teacher),0.8576927898134278,0.5787268112495677
67,Shortest+Risk (No Teacher),0.8550136440412659,0.5766308735206859
68,Shortest+Risk (No Teacher),0.852484267727098,0.5746117170820845
69,Shortest+Risk (No Teacher),0.8499621084800683,0.5727453507188606
70,Shortest+Risk (No Teacher),0.8476759145979275,0.5709204731741212
71,Shortest+Risk (No Teacher),0.8454401928885025,0.5691860399710009
72,Shortest+Risk (No Teacher),0.8432617763628686,0.567555809455802
73,Shortest+Risk (No Teacher),0.8412254305948145,0.5659922013529166
74,Shortest+Risk (No Teacher),0.8392646387231816,0.5645206637657885
75,Shortest+Risk (No Teacher),0.8374060930060231,0.5631279159099498
76,Shortest+Risk (No Teacher),0.8355925076422053,0.5618531740182802
77,Shortest+Risk (No Teacher),0.8339991698786307,0.560560390217326
78,Shortest+Risk (No Teacher),0.8323669460150765,0.559381624485584
79,Shortest+Risk (No Teacher),0.8308326423217729,0.5582999806273672
80,Shortest+Risk (No Teacher),0.829405589829062,0.5572790316897686
81,Shortest+Risk (No Teacher),0.8280644491029995,0.5562915178780136
82,Shortest+Risk (No Teacher),0.8267507906566535,0.5553909572786836
83,Shortest+Risk (No Teacher),0.8255172987134874,0.5545500458917357
84,Shortest+Risk (No Teacher),0.8243519128211221,0.5537656252145042
85,Shortest+Risk (No Teacher),0.8232834546445116,0.552995636470412
86,Shortest+Risk (No Teacher),0.8222198457591056,0.552284752344288
87,Shortest+Risk (No Teacher),0.8212185113705502,0.5516282454087742
88,Shortest+Risk (No Teacher),0.8202830777501228,0.5510038072215026
89,Shortest+Risk (No Teacher),0.8193794605044257,0.5504213669379794
90,Shortest+Risk (No Teacher),0.8185460392475524,0.5498616086675766
91,Shortest+Risk (No Teacher),0.8177291359291013,0.5493425924364919
92,Shortest+Risk (No Teacher),0.8169333614514257,0.5488654012738028
93,Shortest+Risk (No Teacher),0.8162017760233193,0.5484002843091553
94,Shortest+Risk (No Teacher),0.8155069500232675,0.5479518801970322
95,Shortest+Risk (No Teacher),0.8148080120954727,0.5475421296064614
96,Shortest+Risk (No Teacher),0.8141632892048963,0.5471494748599623
97,Shortest+Risk (No Teacher),0.8135196812333212,0.546783121885862
98,Shortest+Risk (No Teacher),0.8129306732865046,0.5464154369562955
99,Shortest+Risk (No Teacher),0.8123434844159724,0.5460635720777657
100,Shortest+Risk (No Teacher),0.8117719031034265,0.5457294454690533
101,Shortest+Risk (No Teacher),0.8112189732683963,0.5454074354519598
102,Shortest+Risk (No Teacher),0.8106855656242529,0.5450944070758066
103,Shortest+Risk (No Teacher),0.8101531878572054,0.5448003804430048
104,Shortest+Risk (No Teacher),0.8096660899600682,0.5444991226254263
105,Shortest+Risk (No Teacher),0.8091517728066702,0.5442165437078041
106,Shortest+Risk (No Teacher),0.808679190617448,0.5439336549909644
107,Shortest+Risk (No Teacher),0.808201011319212,0.543659724725416
108,Shortest+Risk (No Teacher),0.8077236799527879,0.5433967733093308
109,Shortest+Risk (No Teacher),0.8072751009652541,0.5431339740753174
110,Shortest+Risk (No Teacher),0.8068263062217884,0.5428736293207186
111,Shortest+Risk (No Teacher),0.8063742037921376,0.5426235256948732
112,Shortest+Risk (No Teacher),0.8059395554852505,0.5423777451268808
113,Shortest+Risk (No Teacher),0.8055282560568101,0.5421236014293682
114,Shortest+Risk (No Teacher),0.8050861021527032,0.5418854437338183
115,Shortest+Risk (No Teacher),0.8046810504306086,0.5416449040265069
116,Shortest+Risk (No Teacher),0.8042673894592057,0.5414046868002523
117,Shortest+Risk (No Teacher),0.8038527936313119,0.5411723417351674
118,Shortest+Risk (No Teacher),0.8034464357499768,0.5409419442382627
119,Shortest+Risk (No Teacher),0.8030533529477425,0.5407087099950727
120,Shortest+Risk (No Teacher),0.8026632325409455,0.5404740749521458
1,Teacher Distillation Only,0.7321375613894348,0.6901905156196432
2,Teacher Distillation Only,0.7229874359203792,0.6813384008262657
3,Teacher Distillation Only,0.7137152274846039,0.6725999196612001
4,Teacher Distillation Only,0.7046296616048487,0.6638924169685341
5,Teacher Distillation Only,0.6955248603697926,0.6552506355529136
6,Teacher Distillation Only,0.6865154935336569,0.646623074464885
7,Teacher Distillation Only,0.6775067435932081,0.6381132591821502
8,Teacher Distillation Only,0.6686542357788022,0.6295441816643016
9,Teacher Distillation Only,0.6596516421509107,0.6211235233353264
10,Teacher Distillation Only,0.6508767684399834,0.6126677634868216
11,Teacher Distillation Only,0.6421385533692732,0.6041949875086636
12,Teacher Distillation Only,0.6333001839946135,0.5958741156888225
13,Teacher Distillation Only,0.6245735496356898,0.5875980098559139
14,Teacher Distillation Only,0.6159877444443262,0.5792825508262611
15,Teacher Distillation Only,0.6072402424447654,0.5711104398802783
16,Teacher Distillation Only,0.5987554072540994,0.5628828103781471
17,Teacher Distillation Only,0.5901358534273067,0.5547421855404746
18,Teacher Distillation Only,0.5816221331816758,0.5466458337285236
19,Teacher Distillation Only,0.5732765762585952,0.5384714038176377
20,Teacher Distillation Only,0.5647828490954088,0.5304435071249501
21,Teacher Distillation Only,0.5564522599837033,0.5224370706407495
22,Teacher Distillation Only,0.5480477968257165,0.5145382069526835
23,Teacher Distillation Only,0.5398044978987645,0.5065902411756544
24,Teacher Distillation Only,0.531543892517946,0.4986652217375109
25,Teacher Distillation Only,0.5233414893088891,0.49077710880696956
26,Teacher Distillation Only,0.5151034669190373,0.4830083569857125
27,Teacher Distillation Only,0.5070988472461304,0.47516188849794105
28,Teacher Distillation Only,0.4989279508194325,0.4674501781405649
29,Teacher Distillation Only,0.4909146074493627,0.45975484782801573
30,Teacher Distillation Only,0.48291108098906077,0.45211265659622146
31,Teacher Distillation Only,0.4749804853402072,0.44450629772023953
32,Teacher Distillation Only,0.4670872496052375,0.4369447155201689
33,Teacher Distillation Only,0.45927507315986077,0.4293829684561871
34,Teacher Distillation Only,0.45149608800932456,0.42185519948194095
35,Teacher Distillation Only,0.44373408069436193,0.41441205171103895
36,Teacher Distillation Only,0.43603854738764236,0.4070232075760792
37,Teacher Distillation Only,0.42836828221406725,0.39972449816469
38,Teacher Distillation Only,0.4208150159291991,0.3924799423812008
39,Teacher Distillation Only,0.4133769363635595,0.38523974933160476
40,Teacher Distillation Only,0.4058466945354481,0.3781575989940609
41,Teacher Distillation Only,0.3984636639617229,0.37109137451032737
42,Teacher Distillation Only,0.39124817572230614,0.36396386467577113
43,Teacher Distillation Only,0.3839452621447277,0.35694707490752897
44,Teacher Distillation Only,0.37674108248200894,0.3500239102673748
45,Teacher Distillation Only,0.36956097345399735,0.343257644799705
46,Teacher Distillation Only,0.3626407859727728,0.33640108264325963
47,Teacher Distillation Only,0.3555475932354741,0.3297609380675667
48,Teacher Distillation Only,0.34870546336284997,0.3231514693212364
49,Teacher Distillation Only,0.3418666198663878,0.31660231404391465
50,Teacher Distillation Only,0.3351821514238245,0.3100769425597959
51,Teacher Distillation Only,0.3285110788749638,0.30370292520450604
52,Teacher Distillation Only,0.3219449116949825,0.297432351891393
53,Teacher Distillation Only,0.3155158657088244,0.29119629166046535
54,Teacher Distillation Only,0.3090932126205758,0.285129171102605
55,Teacher Distillation Only,0.3028766749902061,0.2790893228401891
56,Teacher Distillation Only,0.29670598219061334,0.27313189675018057
57,Teacher Distillation Only,0.29062874348383594,0.26732234507346225
58,Teacher Distillation Only,0.28469816352661115,0.26160828465748703
59,Teacher Distillation Only,0.2788506173483055,0.2560168216656044
60,Teacher Distillation Only,0.2731052018708224,0.25055488228435574
61,Teacher Distillation Only,0.26749186914163336,0.24519137390478765
62,Teacher Distillation Only,0.26204401399330207,0.23989962598473105
63,Teacher Distillation Only,0.25668010646763784,0.23475196223853206
64,Teacher Distillation Only,0.2514480650375411,0.2297343961373651
65,Teacher Distillation Only,0.24628742863907976,0.2249106407890204
66,Teacher Distillation Only,0.24137052973161016,0.22016374726063576
67,Teacher Distillation Only,0.23656292376375554,0.21551404408770855
68,Teacher Distillation Only,0.2318291235247554,0.21103782584964323
69,Teacher Distillation Only,0.22724445454794867,0.2067229146290695
70,Teacher Distillation Only,0.22284144711861092,0.2025037733073655
71,Teacher Distillation Only,0.21861135330382528,0.1983697870038563
72,Teacher Distillation Only,0.21441205849968584,0.19443754530242874
73,Teacher Distillation Only,0.21039887425409984,0.19064798742804484
74,Teacher Distillation Only,0.20654563703887777,0.18698100618859556
75,Teacher Distillation Only,0.20282502441433997,0.18344559762796733
76,Teacher Distillation Only,0.19923410219444598,0.18004797385456353
77,Teacher Distillation Only,0.19574771178383085,0.17681243417835527
78,Teacher Distillation Only,0.19246540985698019,0.17365459685629986
79,Teacher Distillation Only,0.18925938324589384,0.1706452746974661
80,Teacher Distillation Only,0.186232644867025,0.16772791602872425
81,Teacher Distillation Only,0.18327319562336056,0.16497091260543348
82,Teacher Distillation Only,0.18046895934954743,0.16233812358604013
83,Teacher Distillation Only,0.1777816329513702,0.1598094788275229
84,Teacher Distillation Only,0.17517947174565354,0.15743124113619147
85,Teacher Distillation Only,0.17274288641891178,0.15512780596057696
86,Teacher Distillation Only,0.1703816966696372,0.15293746380458126
87,Teacher Distillation Only,0.16817119728002763,0.15082830340123105
88,Teacher Distillation Only,0.1660372665051312,0.14882055799105973
89,Teacher Distillation Only,0.16397141006125673,0.1469602438997715
90,Teacher Distillation Only,0.16206723842289877,0.14514997601509094
91,Teacher Distillation Only,0.16020375444853396,0.14345853506250583
92,Teacher Distillation Only,0.1584686023623668,0.1418303346833197
93,Teacher Distillation Only,0.15679674266232912,0.1402960433242531
94,Teacher Distillation Only,0.15519149901464593,0.13885557239359997
95,Teacher Distillation Only,0.15371814302028664,0.13745045974443024
96,Teacher Distillation Only,0.15225306282861967,0.1361466513940991
97,Teacher Distillation Only,0.15090338215913163,0.13489020074573332
98,Teacher Distillation Only,0.14960425644245925,0.13370311319103356
99,Teacher Distillation Only,0.14837738629786648,0.1325790780655881
100,Teacher Distillation Only,0.1472091013678688,0.13150897314120932
101,Teacher Distillation Only,0.1460965503617217,0.13049055613282967
102,Teacher Distillation Only,0.14500414675855677,0.1295629735685047
103,Teacher Distillation Only,0.1440277941927549,0.12864515230648424
104,Teacher Distillation Only,0.14305671379155946,0.1277829177428524
105,Teacher Distillation Only,0.14215554649371062,0.1269504530723334
106,Teacher Distillation Only,0.14125490827750684,0.12618886953429248
107,Teacher Distillation Only,0.14043681572376443,0.1254510204208658
108,Teacher Distillation Only,0.13964413669787143,0.12474808561131584
109,Teacher Distillation Only,0.13888953335316898,0.12407055526609478
110,Teacher Distillation Only,0.13816206269182965,0.12342863876406544
111,Teacher Distillation Only,0.13746220881950824,0.12282030465573887
112,Teacher Distillation Only,0.13679959786651735,0.12223967071905686
113,Teacher Distillation Only,0.1361644063482459,0.12168691196340195
114,Teacher Distillation Only,0.13555439104165817,0.12115433884609071
115,Teacher Distillation Only,0.13497541393970117,0.12064229312004651
116,Teacher Distillation Only,0.13440695580897088,0.12016145780818441
117,Teacher Distillation Only,0.13386628159065594,0.11970158698076898
118,Teacher Distillation Only,0.13335217411381348,0.11925185557828485
119,Teacher Distillation Only,0.1328705918189395,0.11880701042054996
120,Teacher Distillation Only,0.13236353314378713,0.11841526548279092
1,Teacher+Shortest+Risk,1.9436903881808667,1.5553320649909392
2,Teacher+Shortest+Risk,1.926972708856673,1.5404755895260982
3,Teacher+Shortest+Risk,1.9102684181527307,1.525745815056798
4,Teacher+Shortest+Risk,1.8936522976121404,1.5111170510752947
5,Teacher+Shortest+Risk,1.8770359295958394,1.4966039454683344
6,Teacher+Shortest+Risk,1.860755052986684,1.4820296170139022
7,Teacher+Shortest+Risk,1.8444306567026394,1.4676712436154258
8,Teacher+Shortest+Risk,1.8282447140710312,1.453382363073007
9,Teacher+Shortest+Risk,1.8121707437837113,1.4391694895039937
10,Teacher+Shortest+Risk,1.7964247848823085,1.4248888912896618
11,Teacher+Shortest+Risk,1.780411427910885,1.4109080874086513
12,Teacher+Shortest+Risk,1.7647292999654438,1.3969997990095144
13,Teacher+Shortest+Risk,1.7492059547704948,1.3831230202706752
14,Teacher+Shortest+Risk,1.7336453213061478,1.3694204378272987
15,Teacher+Shortest+Risk,1.7182386220343788,1.3558003764746762
16,Teacher+Shortest+Risk,1.7030074255920309,1.3421835986314212
17,Teacher+Shortest+Risk,1.687819282392215,1.328691659365019
18,Teacher+Shortest+Risk,1.6728152088393595,1.3152143165333292
19,Teacher+Shortest+Risk,1.6577905214140045,1.3018969402487155
20,Teacher+Shortest+Risk,1.643024439387587,1.28850419977878
21,Teacher+Shortest+Risk,1.6281340728277776,1.275383160831718
22,Teacher+Shortest+Risk,1.6134566375045902,1.2623344873584874
23,Teacher+Shortest+Risk,1.5988759233469976,1.2493751737484453
24,Teacher+Shortest+Risk,1.5842527286865666,1.2365904267435741
25,Teacher+Shortest+Risk,1.5702002318819066,1.2235002894531992
26,Teacher+Shortest+Risk,1.5557434584632677,1.2107350645094295
27,Teacher+Shortest+Risk,1.5414569133138616,1.1981513290057428
28,Teacher+Shortest+Risk,1.5275315389371573,1.185446463819695
29,Teacher+Shortest+Risk,1.5135711415450175,1.1728733774376496
30,Teacher+Shortest+Risk,1.4997151812809464,1.1603722521599302
31,Teacher+Shortest+Risk,1.4858146522011444,1.1481173408067697
32,Teacher+Shortest+Risk,1.4723659939896734,1.1357482052139236
33,Teacher+Shortest+Risk,1.4587648619638318,1.123512443438127
34,Teacher+Shortest+Risk,1.4450646986687867,1.1116449115486493
35,Teacher+Shortest+Risk,1.4319370685571051,1.0996517308939555
36,Teacher+Shortest+Risk,1.4187390599762115,1.0877687648436944
37,Teacher+Shortest+Risk,1.4058448538221326,1.0758116991686604
38,Teacher+Shortest+Risk,1.3928203194317774,1.0641349535944977
39,Teacher+Shortest+Risk,1.3799210292343684,1.052693115541638
40,Teacher+Shortest+Risk,1.36734268080663,1.0412553364020352
41,Teacher+Shortest+Risk,1.354760749005122,1.0300353508227502
42,Teacher+Shortest+Risk,1.3423632056734904,1.0188681586535144
43,Teacher+Shortest+Risk,1.330142903149574,1.007784115869586
44,Teacher+Shortest+Risk,1.3180999787965617,0.9967557463602454
45,Teacher+Shortest+Risk,1.3061574488407557,0.9858751731802989
46,Teacher+Shortest+Risk,1.294418114854808,0.9751147325278053
47,Teacher+Shortest+Risk,1.282672276322483,0.9646439900151864
48,Teacher+Shortest+Risk,1.271136212111114,0.9543989994605624
49,Teacher+Shortest+Risk,1.2599289313813398,0.9441597606635745
50,Teacher+Shortest+Risk,1.2487379636550484,0.9341229653285992
51,Teacher+Shortest+Risk,1.237908841527113,0.9241514365361454
52,Teacher+Shortest+Risk,1.2270716363553296,0.9144560406635598
53,Teacher+Shortest+Risk,1.2166495657720273,0.9047970851503969
54,Teacher+Shortest+Risk,1.2061530467578003,0.8955153773983199
55,Teacher+Shortest+Risk,1.1960480577630592,0.8863819044049388
56,Teacher+Shortest+Risk,1.1862101612344744,0.877295160728385
57,Teacher+Shortest+Risk,1.1763809586007299,0.8684863297772625
58,Teacher+Shortest+Risk,1.1667517235154226,0.8600119718302347
59,Teacher+Shortest+Risk,1.1575821468855874,0.851596715602469
60,Teacher+Shortest+Risk,1.1484837760354516,0.8434507578701959
61,Teacher+Shortest+Risk,1.1396984198444204,0.835490699959381
62,Teacher+Shortest+Risk,1.131131349596894,0.8277509234234193
63,Teacher+Shortest+Risk,1.1227961901120116,0.8202833252474893
64,Teacher+Shortest+Risk,1.1147390992663249,0.8130360859868012
65,Teacher+Shortest+Risk,1.1068949740921965,0.8060554110170498
66,Teacher+Shortest+Risk,1.0992763765831342,0.79937578841908
67,Teacher+Shortest+Risk,1.0921095218345311,0.7927735496799272
68,Teacher+Shortest+Risk,1.0849527492586613,0.7865362841307574
69,Teacher+Shortest+Risk,1.078226962886249,0.7804405566044491
70,Teacher+Shortest+Risk,1.071634505336124,0.7746282609400416
71,Teacher+Shortest+Risk,1.065343293426241,0.7690464848805344
72,Teacher+Shortest+Risk,1.0593288600395248,0.7636533145846567
73,Teacher+Shortest+Risk,1.0534595107992588,0.7585509736487206
74,Teacher+Shortest+Risk,1.0479287950772598,0.7536711352212089
75,Teacher+Shortest+Risk,1.0426407274462635,0.7490117904987741
76,Teacher+Shortest+Risk,1.0375579847361975,0.7445830103111847
77,Teacher+Shortest+Risk,1.032690637704242,0.740412577307333
78,Teacher+Shortest+Risk,1.0281584760296474,0.7363841671349429
79,Teacher+Shortest+Risk,1.0237617336901048,0.7325887495261195
80,Teacher+Shortest+Risk,1.019620410541842,0.7289780153691949
81,Teacher+Shortest+Risk,1.015658652425704,0.7255739651190112
82,Teacher+Shortest+Risk,1.0119237635993799,0.7223638843258101
83,Teacher+Shortest+Risk,1.0083707721056983,0.7193485223051262
84,Teacher+Shortest+Risk,1.0050166754353969,0.7164984981339754
85,Teacher+Shortest+Risk,1.0018181906079413,0.7138322628015443
86,Teacher+Shortest+Risk,0.9988395142931792,0.711303107644287
87,Teacher+Shortest+Risk,0.9960336196848678,0.7089131016137027
88,Teacher+Shortest+Risk,0.9933407795399501,0.7066961298597619
89,Teacher+Shortest+Risk,0.9908445642872443,0.7046206504740613
90,Teacher+Shortest+Risk,0.9885016909561253,0.702664684742055
91,Teacher+Shortest+Risk,0.9863123267071503,0.7008004663200726
92,Teacher+Shortest+Risk,0.9841748498027164,0.699107036039822
93,Teacher+Shortest+Risk,0.982203982982255,0.6975218612009993
94,Teacher+Shortest+Risk,0.9803605353148501,0.6960336433717907
95,Teacher+Shortest+Risk,0.9786321477105195,0.6946190389094019
96,Teacher+Shortest+Risk,0.9769852425986691,0.6932931091285404
97,Teacher+Shortest+Risk,0.9754249161714726,0.692074168779205
98,Teacher+Shortest+Risk,0.9739650259985095,0.6909471326323628
99,Teacher+Shortest+Risk,0.9726195031171626,0.6898710553769283
100,Teacher+Shortest+Risk,0.971342858679574,0.6888582710074799
101,Teacher+Shortest+Risk,0.9701156859980558,0.6879327931302659
102,Teacher+Shortest+Risk,0.9689752629570235,0.6870670847617384
103,Teacher+Shortest+Risk,0.9679193498289596,0.6862465603373333
104,Teacher+Shortest+Risk,0.9669100814428512,0.6854743468362872
105,Teacher+Shortest+Risk,0.9659419020710641,0.6847597965715866
106,Teacher+Shortest+Risk,0.9650386902162261,0.6840907288177398
107,Teacher+Shortest+Risk,0.9641603123021938,0.6834802613069946
108,Teacher+Shortest+Risk,0.9633765831057072,0.6828688669349647
109,Teacher+Shortest+Risk,0.9625944259557145,0.6823000204961713
110,Teacher+Shortest+Risk,0.9618606352746635,0.6817673212851435
111,Teacher+Shortest+Risk,0.9611538772472024,0.6812726063568904
112,Teacher+Shortest+Risk,0.9604998475991976,0.6807992766331032
113,Teacher+Shortest+Risk,0.9598746576610447,0.6803502217614542
114,Teacher+Shortest+Risk,0.9592738495404187,0.6799262243925982
115,Teacher+Shortest+Risk,0.9586814491528822,0.6795352052410323
116,Teacher+Shortest+Risk,0.9581415592187261,0.6791484942914505
117,Teacher+Shortest+Risk,0.9576095460160812,0.6787821742901323
118,Teacher+Shortest+Risk,0.9570929199779222,0.6784351893833706
119,Teacher+Shortest+Risk,0.9566022627173318,0.6780995847968707
120,Teacher+Shortest+Risk,0.9561385066531047,0.6777665731030033
1,Shortest-Oracle Only,1.5030505711029936,1.6036092830853736
2,Shortest-Oracle Only,1.4905749570725462,1.5902640904831478
3,Shortest-Oracle Only,1.4780956832116254,1.5769824900115446
4,Shortest-Oracle Only,1.4656269154018648,1.5637849485892716
5,Shortest-Oracle Only,1.4532133118944592,1.550583361096182
6,Shortest-Oracle Only,1.4409687666272426,1.5373009196707101
7,Shortest-Oracle Only,1.4286317238905413,1.5241450722072951
8,Shortest-Oracle Only,1.416352288720211,1.5110863927363607
9,Shortest-Oracle Only,1.4042488803388358,1.4980236538461356
10,Shortest-Oracle Only,1.392010968717967,1.4851343501967553
11,Shortest-Oracle Only,1.3800398328466785,1.4721590408455714
12,Shortest-Oracle Only,1.3681741106849852,1.4590991956078987
13,Shortest-Oracle Only,1.3559808330801284,1.4463572427978042
14,Shortest-Oracle Only,1.3441486032262204,1.433590627940224
15,Shortest-Oracle Only,1.3322512781276363,1.4209129917862626
16,Shortest-Oracle Only,1.3205184371962864,1.4081663840666159
17,Shortest-Oracle Only,1.3087788457334926,1.395449711041725
18,Shortest-Oracle Only,1.2970542784155141,1.3828662239003515
19,Shortest-Oracle Only,1.2854324234384156,1.3703576828791972
20,Shortest-Oracle Only,1.2738622339183818,1.3579025795077833
21,Shortest-Oracle Only,1.26237208075254,1.3454978302885918
22,Shortest-Oracle Only,1.2509137400784625,1.3331984947109667
23,Shortest-Oracle Only,1.239364098576859,1.3211409875059943
24,Shortest-Oracle Only,1.2281664782336426,1.3088915403671622
25,Shortest-Oracle Only,1.2169126103747152,1.2966444800096575
26,Shortest-Oracle Only,1.205612201985469,1.2844946221281914
27,Shortest-Oracle Only,1.1944661275523243,1.2723742647452823
28,Shortest-Oracle Only,1.1833549077521561,1.2603393943276413
29,Shortest-Oracle Only,1.1722012359467056,1.2485194450959818
30,Shortest-Oracle Only,1.1611458546836024,1.236875818083483
31,Shortest-Oracle Only,1.1504464066042501,1.225019325920805
32,Shortest-Oracle Only,1.1394224805526785,1.2133528248147682
33,Shortest-Oracle Only,1.1286457982029126,1.2016611210480448
34,Shortest-Oracle Only,1.1178537436156168,1.1901184481743892
35,Shortest-Oracle Only,1.107352676540191,1.1784484412399459
36,Shortest-Oracle Only,1.0965443829102748,1.1671164273103325
37,Shortest-Oracle Only,1.0860076126824258,1.1557688731613278
38,Shortest-Oracle Only,1.0755924208723213,1.1444498354317056
39,Shortest-Oracle Only,1.0651567430421525,1.1332702599639655
40,Shortest-Oracle Only,1.0548387143516953,1.122211606098371
41,Shortest-Oracle Only,1.0446423812620522,1.1111390242124235
42,Shortest-Oracle Only,1.0343736216358852,1.100282287894289
43,Shortest-Oracle Only,1.0243951362126114,1.0893608756235933
44,Shortest-Oracle Only,1.0144155471647924,1.0785260663989173
45,Shortest-Oracle Only,1.0045174197979,1.0677907774644915
46,Shortest-Oracle Only,0.9947020581435648,1.0571937416426687
47,Shortest-Oracle Only,0.9848387559003342,1.0468509968480277
48,Shortest-Oracle Only,0.9752520957682018,1.0365046257179225
49,Shortest-Oracle Only,0.9657074587878695,1.0262719720926479
50,Shortest-Oracle Only,0.9564152435846397,1.0159394559370785
51,Shortest-Oracle Only,0.9469148510794821,1.0059386211828347
52,Shortest-Oracle Only,0.9377323926796299,0.995986062668345
53,Shortest-Oracle Only,0.9286034304764723,0.9861877031311462
54,Shortest-Oracle Only,0.9196138752140496,0.9764767794364347
55,Shortest-Oracle Only,0.9107858907419569,0.9668330879270752
56,Shortest-Oracle Only,0.9020577193776521,0.9573343804983848
57,Shortest-Oracle Only,0.8933186534642578,0.9481764636922216
58,Shortest-Oracle Only,0.8849452911784422,0.9389843180613421
59,Shortest-Oracle Only,0.8765541098749929,0.9300518217576236
60,Shortest-Oracle Only,0.8683938563932798,0.9212268566825712
61,Shortest-Oracle Only,0.8603480864397547,0.9125437154369443
62,Shortest-Oracle Only,0.8524267802812957,0.9040882980471265
63,Shortest-Oracle Only,0.8447042716739377,0.8957682393757774
64,Shortest-Oracle Only,0.8370433506757453,0.8876336403249026
65,Shortest-Oracle Only,0.8297650799356368,0.8794518866768892
66,Shortest-Oracle Only,0.8223758970393953,0.8715960223048137
67,Shortest-Oracle Only,0.8152543844689609,0.8639489692254905
68,Shortest-Oracle Only,0.8082233515804439,0.8565712742634917
69,Shortest-Oracle Only,0.8015323031189004,0.849207245543437
70,Shortest-Oracle Only,0.7949008552397595,0.8420693544355188
71,Shortest-Oracle Only,0.7884146335660924,0.8351860925161264
72,Shortest-Oracle Only,0.7822563135014079,0.8283652491740083
73,Shortest-Oracle Only,0.7760806016436499,0.8218617661744588
74,Shortest-Oracle Only,0.7702555465332728,0.8154273151795193
75,Shortest-Oracle Only,0.7644797196846727,0.809241786158845
76,Shortest-Oracle Only,0.7589520751049351,0.8032109540877038
77,Shortest-Oracle Only,0.7535804757633282,0.797394143292915
78,Shortest-Oracle Only,0.7483176893342477,0.791845915662371
79,Shortest-Oracle Only,0.7433751944084402,0.7863685888228112
80,Shortest-Oracle Only,0.7384867564953679,0.7811507496455594
81,Shortest-Oracle Only,0.7338225468757291,0.7761266350189968
82,Shortest-Oracle Only,0.7293175342549405,0.7712820722007455
83,Shortest-Oracle Only,0.725020622545591,0.7665646213395043
84,Shortest-Oracle Only,0.7207984950339431,0.7620840502749335
85,Shortest-Oracle Only,0.7168155983375959,0.7577112084413947
86,Shortest-Oracle Only,0.7129510961022303,0.7535083023237403
87,Shortest-Oracle Only,0.7092412143841403,0.749457582900906
88,Shortest-Oracle Only,0.7056231041924792,0.7456294370476232
89,Shortest-Oracle Only,0.7022524251776563,0.7418974161518862
90,Shortest-Oracle Only,0.6989823298004543,0.7383197677636035
91,Shortest-Oracle Only,0.6958127730668654,0.7349241350894767
92,Shortest-Oracle Only,0.6927846400981306,0.7316814440405387
93,Shortest-Oracle Only,0.689956357510482,0.7284848004069706
94,Shortest-Oracle Only,0.6871498747579934,0.725475746217078
95,Shortest-Oracle Only,0.6845101266677251,0.7225910812662697
96,Shortest-Oracle Only,0.6819943045799066,0.7198143250093119
97,Shortest-Oracle Only,0.6795881806939984,0.7171511453566247
98,Shortest-Oracle Only,0.6772755890801596,0.7146085387625924
99,Shortest-Oracle Only,0.6750797814298641,0.7121571055837961
100,Shortest-Oracle Only,0.6729548078857845,0.7098400985842359
101,Shortest-Oracle Only,0.6709371127301187,0.7076181267876277
102,Shortest-Oracle Only,0.668999797700743,0.7055018597034792
103,Shortest-Oracle Only,0.6671612172042543,0.7034698029513677
104,Shortest-Oracle Only,0.6654208972143781,0.7014967119712295
105,Shortest-Oracle Only,0.6636834105855722,0.6996822757631957
106,Shortest-Oracle Only,0.6621163920290648,0.6978722838554561
107,Shortest-Oracle Only,0.6605767422845971,0.6961317151367757
108,Shortest-Oracle Only,0.659086308863099,0.6944836176016468
109,Shortest-Oracle Only,0.6576664015126812,0.6929011022321544
110,Shortest-Oracle Only,0.6563355986167343,0.6913528360808804
111,Shortest-Oracle Only,0.6550215310483073,0.6898982231946977
112,Shortest-Oracle Only,0.6537608524060928,0.6885207793204632
113,Shortest-Oracle Only,0.6525882879330146,0.6871731744769202
114,Shortest-Oracle Only,0.6514580162877421,0.6858600669107393
115,Shortest-Oracle Only,0.6503500981721019,0.6846119337838322
116,Shortest-Oracle Only,0.6492948516709192,0.6834143561486323
117,Shortest-Oracle Only,0.6482803885131414,0.6822549458795907
118,Shortest-Oracle Only,0.6473110138009218,0.6811266839040754
119,Shortest-Oracle Only,0.6463513138631526,0.6800745872094138
120,Shortest-Oracle Only,0.6454610456388963,0.6790347636951073
1,Risk-Oracle Only,0.7808602124606544,0.8181697644212198
2,Risk-Oracle Only,0.7769950564911595,0.8142482850115462
3,Risk-Oracle Only,0.7729637755133514,0.8104725545547428
4,Risk-Oracle Only,0.7692292916975385,0.8066224248538121
5,Risk-Oracle Only,0.7654207127031893,0.8028916863501535
6,Risk-Oracle Only,0.761685566998704,0.7992245379725289
7,Risk-Oracle Only,0.7580941528146455,0.7955724259789216
8,Risk-Oracle Only,0.7544668149181335,0.7920117571393772
9,Risk-Oracle Only,0.7508456741168368,0.7885772365248221
10,Risk-Oracle Only,0.7474194831042424,0.7850930980909298
11,Risk-Oracle Only,0.7439924884470199,0.7816153199036793
12,Risk-Oracle Only,0.7404799685738838,0.7783002560468706
13,Risk-Oracle Only,0.7371613583183749,0.7749437415395888
14,Risk-Oracle Only,0.7338565894115608,0.7716285182194984
15,Risk-Oracle Only,0.7305363587807902,0.7683951164107671
16,Risk-Oracle Only,0.7272562284188318,0.7652173161877444
17,Risk-Oracle Only,0.7240438070064424,0.7620645508193302
18,Risk-Oracle Only,0.7209048535382424,0.7589244508353956
19,Risk-Oracle Only,0.7177642295309313,0.7558303901789534
20,Risk-Oracle Only,0.7146941454306064,0.7527550960866326
21,Risk-Oracle Only,0.7116877924122625,0.7496990595551709
22,Risk-Oracle Only,0.7085911982795672,0.7467805706138374
23,Risk-Oracle Only,0.7056414300532088,0.7438697367674826
24,Risk-Oracle Only,0.7027380245464123,0.7409721715361297
25,Risk-Oracle Only,0.6998858201446145,0.7380837823146981
26,Risk-Oracle Only,0.6969987126394741,0.7352936822648738
27,Risk-Oracle Only,0.6941322889591809,0.7326002585387341
28,Risk-Oracle Only,0.6914188589598413,0.7298738369674742
29,Risk-Oracle Only,0.6886681962402597,0.7272099497993108
30,Risk-Oracle Only,0.6860553986617792,0.7245149321355864
31,Risk-Oracle Only,0.6833235342549078,0.7219684117967567
32,Risk-Oracle Only,0.6807596148441005,0.7193839112948481
33,Risk-Oracle Only,0.6781644316697752,0.7168762360816795
34,Risk-Oracle Only,0.6756471753358801,0.7144050594436622
35,Risk-Oracle Only,0.6731453639947261,0.7119838829915593
36,Risk-Oracle Only,0.6706966217150988,0.7095909203934262
37,Risk-Oracle Only,0.6682719400655704,0.7072586238291549
38,Risk-Oracle Only,0.6659149653691885,0.704933750221555
39,Risk-Oracle Only,0.6635704713301983,0.7026749555467632
40,Risk-Oracle Only,0.6613100250946087,0.7004566613474679
41,Risk-Oracle Only,0.6590793389535868,0.6982506742558992
42,Risk-Oracle Only,0.6568067007274593,0.6961510618033342
43,Risk-Oracle Only,0.654730724992404,0.6939968444511271
44,Risk-Oracle Only,0.6525430287386731,0.6919457479546638
45,Risk-Oracle Only,0.6504496947375362,0.689966282985444
46,Risk-Oracle Only,0.6484736489308037,0.6879822679478125
47,Risk-Oracle Only,0.646424205774785,0.6860786287076366
48,Risk-Oracle Only,0.6445339602880569,0.6841511670760753
49,Risk-Oracle Only,0.6425541408795791,0.6823442165810806
50,Risk-Oracle Only,0.6406962169128504,0.6805288368954814
51,Risk-Oracle Only,0.6388921682446465,0.6787349360170853
52,Risk-Oracle Only,0.6370808336063736,0.6770330897386115
53,Risk-Oracle Only,0.6353547601595737,0.6753666274840502
54,Risk-Oracle Only,0.6337011829552462,0.673715637223346
55,Risk-Oracle Only,0.6320013212196193,0.6721575254600489
56,Risk-Oracle Only,0.6304493999902337,0.6705760058496455
57,Risk-Oracle Only,0.6288191931503174,0.6691030514184646
58,Risk-Oracle Only,0.6273063730446622,0.6676173566103353
59,Risk-Oracle Only,0.6258374492320751,0.6661745723261618
60,Risk-Oracle Only,0.6243535377367042,0.6647820554291294
61,Risk-Oracle Only,0.6229716864273441,0.6633884565641127
62,Risk-Oracle Only,0.6215733697147812,0.6620708594611422
63,Risk-Oracle Only,0.6202561970135307,0.6607661881305937
64,Risk-Oracle Only,0.6189700203763507,0.6595068337572493
65,Risk-Oracle Only,0.6177015712342249,0.6583444515987651
66,Risk-Oracle Only,0.6165512355789108,0.6571593388428398
67,Risk-Oracle Only,0.615355918296594,0.6560522011983821
68,Risk-Oracle Only,0.6142203899308694,0.654979514853209
69,Risk-Oracle Only,0.6131645760929916,0.6538706018616957
70,Risk-Oracle Only,0.6120584507998457,0.6528340160939408
71,Risk-Oracle Only,0.6110386291239147,0.6518167485345393
72,Risk-Oracle Only,0.6100027133893656,0.6508279069215291
73,Risk-Oracle Only,0.6090352330539965,0.6498440454017319
74,Risk-Oracle Only,0.6080843403704503,0.6488948706334708
75,Risk-Oracle Only,0.607166164183275,0.6479611637803666
76,Risk-Oracle Only,0.6062357964028599,0.6471202562608022
77,Risk-Oracle Only,0.6053963222715819,0.6462688649979943
78,Risk-Oracle Only,0.6045498591604839,0.6454346636035023
79,Risk-Oracle Only,0.6037485167654807,0.6445977257718194
80,Risk-Oracle Only,0.6029385497839803,0.6437842293438236
81,Risk-Oracle Only,0.6021656539117947,0.6429924212199162
82,Risk-Oracle Only,0.6013909332296526,0.6422301669884618
83,Risk-Oracle Only,0.600618476530767,0.6414932537227174
84,Risk-Oracle Only,0.5999227819383551,0.6407309316365196
85,Risk-Oracle Only,0.5992044468131429,0.6400111678228779
86,Risk-Oracle Only,0.5984915468498501,0.6393348796185958
87,Risk-Oracle Only,0.5978621729630825,0.6386140872308663
88,Risk-Oracle Only,0.5971520400965061,0.6379532684249047
89,Risk-Oracle Only,0.5965280207896745,0.6372741737039427
90,Risk-Oracle Only,0.5958683443176729,0.6366509612574363
91,Risk-Oracle Only,0.5952705289300055,0.635983747049216
92,Risk-Oracle Only,0.5946487770182275,0.6353562423267038
93,Risk-Oracle Only,0.5940386102589303,0.6347239766484286
94,Risk-Oracle Only,0.5934447590618646,0.6341165517388755
95,Risk-Oracle Only,0.5928742080266387,0.6335015041090282
96,Risk-Oracle Only,0.5923130993862149,0.6328969798970556
97,Risk-Oracle Only,0.591736200510949,0.6323198994062551
98,Risk-Oracle Only,0.5912220875753241,0.6317068047323271
99,Risk-Oracle Only,0.5906410006915822,0.6311548460697868
100,Risk-Oracle Only,0.5901206567215534,0.6305995554797942
101,Risk-Oracle Only,0.5895981144515738,0.6300432963838474
102,Risk-Oracle Only,0.5891012675641795,0.6294758490418572
103,Risk-Oracle Only,0.5885594093865145,0.6289719964260262
104,Risk-Oracle Only,0.5880821222286386,0.6284438544076115
105,Risk-Oracle Only,0.5876017856291981,0.6279075019652514
106,Risk-Oracle Only,0.587114619932618,0.627373239671461
107,Risk-Oracle Only,0.586622258073746,0.6268670592300628
108,Risk-Oracle Only,0.5861801580873416,0.6263412009130925
109,Risk-Oracle Only,0.5856849154051771,0.6258563591199195
110,Risk-Oracle Only,0.5852309718785177,0.6253855161681702
111,Risk-Oracle Only,0.5848005023365755,0.6248935169973417
112,Risk-Oracle Only,0.5843479312413773,0.6244134817672183
113,Risk-Oracle Only,0.5839167488076213,0.6239218070384689
114,Risk-Oracle Only,0.5834844018931866,0.6234426583695004
115,Risk-Oracle Only,0.5830367847276398,0.6229832079696062
116,Risk-Oracle Only,0.5826160143244526,0.6225296420220454
117,Risk-Oracle Only,0.5822188038365917,0.6220496523992085
118,Risk-Oracle Only,0.5818032696334109,0.6215773781944026
119,Risk-Oracle Only,0.5813614295395468,0.6211587325966748
120,Risk-Oracle Only,0.5809829570694459,0.6207072427076278
1,Shortest+Risk (No Teacher),1.2319403543529501,1.2994244984853693
2,Shortest+Risk (No Teacher),1.2242608853249406,1.2915971853870256
3,Shortest+Risk (No Teacher),1.2168040592021654,1.283740104449852
4,Shortest+Risk (No Teacher),1.2091863484923748,1.2760661363972476
5,Shortest+Risk (No Teacher),1.2016593765922436,1.2684498589665485
6,Shortest+Risk (No Teacher),1.1942015092107896,1.2608696936077872
7,Shortest+Risk (No Teacher),1.187012798665782,1.253161308739456
8,Shortest+Risk (No Teacher),1.1794954986696222,1.245733735720811
9,Shortest+Risk (No Teacher),1.1724202265105352,1.2382224766685284
10,Shortest+Risk (No Teacher),1.1651667983427463,1.2309051346074367
11,Shortest+Risk (No Teacher),1.1580746267223692,1.223601381292981
12,Shortest+Risk (No Teacher),1.1509749674832814,1.2164261789752018
13,Shortest+Risk (No Teacher),1.1440870264851437,1.209140965949692
14,Shortest+Risk (No Teacher),1.1370221851786222,1.2020227482678545
15,Shortest+Risk (No Teacher),1.1301584328796204,1.1949210552553737
16,Shortest+Risk (No Teacher),1.123386748809255,1.1878497048076908
17,Shortest+Risk (No Teacher),1.116554056241341,1.1809671203233592
18,Shortest+Risk (No Teacher),1.1099796823572465,1.1740081551286332
19,Shortest+Risk (No Teacher),1.10328697776858,1.167202688487099
20,Shortest+Risk (No Teacher),1.09673004360164,1.160444939674152
21,Shortest+Risk (No Teacher),1.0902653221606493,1.153665705750556
22,Shortest+Risk (No Teacher),1.0837391605378786,1.14706503288186
23,Shortest+Risk (No Teacher),1.0773114464199953,1.1405531006689946
24,Shortest+Risk (No Teacher),1.0710550066114088,1.134011844083273
25,Shortest+Risk (No Teacher),1.0647291637742307,1.1275883929725754
26,Shortest+Risk (No Teacher),1.0585231212968926,1.1212002730480806
27,Shortest+Risk (No Teacher),1.0524503795271456,1.114828277338719
28,Shortest+Risk (No Teacher),1.0462566627261838,1.108664290901291
29,Shortest+Risk (No Teacher),1.0403774635451295,1.1023734724540177
30,Shortest+Risk (No Teacher),1.0342588178556456,1.0963498986156694
31,Shortest+Risk (No Teacher),1.0283881083982545,1.0903577166805
32,Shortest+Risk (No Teacher),1.0226398594398098,1.0843060198319645
33,Shortest+Risk (No Teacher),1.016864696277656,1.0783561814813925
34,Shortest+Risk (No Teacher),1.0110555714397624,1.072600820016342
35,Shortest+Risk (No Teacher),1.0055315015197217,1.0667622753101782
36,Shortest+Risk (No Teacher),0.9998583707227804,1.0610965125112104
37,Shortest+Risk (No Teacher),0.994468895242008,1.055376223420281
38,Shortest+Risk (No Teacher),0.9889429417913546,1.0498552945316486
39,Shortest+Risk (No Teacher),0.9836431481980856,1.044358625753115
40,Shortest+Risk (No Teacher),0.9783386646002814,1.0389561938646237
41,Shortest+Risk (No Teacher),0.9730717990124669,1.0336758790082916
42,Shortest+Risk (No Teacher),0.9680130673018997,1.0283748191400413
43,Shortest+Risk (No Teacher),0.9628979487531166,1.0232166743389741
44,Shortest+Risk (No Teacher),0.9579176809604596,1.0180864534333556
45,Shortest+Risk (No Teacher),0.952961857587849,1.013094966556199
46,Shortest+Risk (No Teacher),0.9481630027343821,1.0082023028823117
47,Shortest+Risk (No Teacher),0.9434252441217454,1.003376984485015
48,Shortest+Risk (No Teacher),0.9388031920399831,0.998585500761658
49,Shortest+Risk (No Teacher),0.9342226258040944,0.9939041638263091
50,Shortest+Risk (No Teacher),0.9297436211749208,0.9893717157710952
51,Shortest+Risk (No Teacher),0.9253479360521009,0.9849386352402612
52,Shortest+Risk (No Teacher),0.9210893260381794,0.9805750906189344
53,Shortest+Risk (No Teacher),0.9168673759300576,0.9763613136522877
54,Shortest+Risk (No Teacher),0.9128133910553711,0.9722132375043807
55,Shortest+Risk (No Teacher),0.9088650690557718,0.9681365234113963
56,Shortest+Risk (No Teacher),0.9049376515602394,0.9642367058927498
57,Shortest+Risk (No Teacher),0.901234523512248,0.9603596805228416
58,Shortest+Risk (No Teacher),0.897530930814217,0.9566430837889296
59,Shortest+Risk (No Teacher),0.893917864808399,0.9530926102983822
60,Shortest+Risk (No Teacher),0.8905508664821986,0.9495396399015957
61,Shortest+Risk (No Teacher),0.8871651340317595,0.9461486013273058
62,Shortest+Risk (No Teacher),0.8839567573720903,0.9428479144955126
63,Shortest+Risk (No Teacher),0.8807694442946401,0.9397258091121217
64,Shortest+Risk (No Teacher),0.8778220597475176,0.936615919065698
65,Shortest+Risk (No Teacher),0.8748249561264999,0.9337106752173155
66,Shortest+Risk (No Teacher),0.8720048381733588,0.9309095935910523
67,Shortest+Risk (No Teacher),0.8693257977695907,0.9281813034188136
68,Shortest+Risk (No Teacher),0.8667820900743196,0.9255218320463902
69,Shortest+Risk (No Teacher),0.864301251383786,0.9230063072815653
70,Shortest+Risk (No Teacher),0.8619214831700108,0.9206157639089676
71,Shortest+Risk (No Teacher),0.8596022658259883,0.9184200967637414
72,Shortest+Risk (No Teacher),0.8574898344062801,0.9162441642251022
73,Shortest+Risk (No Teacher),0.8554334400733538,0.9141602690446061
74,Shortest+Risk (No Teacher),0.8534802365374553,0.9121540063647423
75,Shortest+Risk (No Teacher),0.8515612664291847,0.9102968695004287
76,Shortest+Risk (No Teacher),0.8497948281825771,0.9085007537023091
77,Shortest+Risk (No Teacher),0.8480986070481962,0.9067747337080272
78,Shortest+Risk (No Teacher),0.8464963659805529,0.9051152054295755
79,Shortest+Risk (No Teacher),0.8449300863388836,0.9035684105767803
80,Shortest+Risk (No Teacher),0.8434570112480281,0.9021213736912326
81,Shortest+Risk (No Teacher),0.8420961209087248,0.9007245837993236
82,Shortest+Risk (No Teacher),0.8407772570485931,0.8994213199912111
83,Shortest+Risk (No Teacher),0.8395419608074672,0.898185299492179
84,Shortest+Risk (No Teacher),0.8383766518912897,0.897004741903041
85,Shortest+Risk (No Teacher),0.8372612944485207,0.8958772404197586
86,Shortest+Risk (No Teacher),0.8362202726886822,0.8947750324409449
87,Shortest+Risk (No Teacher),0.8351784723537243,0.8937617686821921
88,Shortest+Risk (No Teacher),0.8342292807813764,0.8927846778050923
89,Shortest+Risk (No Teacher),0.8333059564428992,0.8918567267398626
90,Shortest+Risk (No Teacher),0.8324412235397634,0.8909651725140182
91,Shortest+Risk (No Teacher),0.8316026696104384,0.8901132013341687
92,Shortest+Risk (No Teacher),0.8307942505618608,0.8893027057173093
93,Shortest+Risk (No Teacher),0.8300311523086924,0.8885220565469603
94,Shortest+Risk (No Teacher),0.8293369360078158,0.8877293088387924
95,Shortest+Risk (No Teacher),0.8286031030889472,0.8870040499033119
96,Shortest+Risk (No Teacher),0.827918895362437,0.886318645803591
97,Shortest+Risk (No Teacher),0.827273549506752,0.8856483373449157
98,Shortest+Risk (No Teacher),0.8266534718984844,0.8849770355372926
99,Shortest+Risk (No Teacher),0.826036895906661,0.884341958892846
100,Shortest+Risk (No Teacher),0.8254577963575882,0.8837145565086353
101,Shortest+Risk (No Teacher),0.8248770696841524,0.8831227671117471
102,Shortest+Risk (No Teacher),0.8243171169129715,0.8825469799397707
103,Shortest+Risk (No Teacher),0.8237832717509334,0.8819718331237603
104,Shortest+Risk (No Teacher),0.823245650151435,0.8814148836150696
105,Shortest+Risk (No Teacher),0.8227480465502486,0.8808474244077691
106,Shortest+Risk (No Teacher),0.822215899360754,0.8803213636389416
107,Shortest+Risk (No Teacher),0.821742643129625,0.8797773595545934
108,Shortest+Risk (No Teacher),0.8212404470605823,0.8792691112120823
109,Shortest+Risk (No Teacher),0.8207871457017117,0.8787421312524965
110,Shortest+Risk (No Teacher),0.8202871542099297,0.8782589216810733
111,Shortest+Risk (No Teacher),0.8198442962284467,0.877750689282573
112,Shortest+Risk (No Teacher),0.8193879461431479,0.877250043637645
113,Shortest+Risk (No Teacher),0.8189365516164226,0.876749777682647
114,Shortest+Risk (No Teacher),0.8184817476960703,0.8762689011278642
115,Shortest+Risk (No Teacher),0.8180503034726756,0.875783420461889
116,Shortest+Risk (No Teacher),0.8176036242583735,0.8753204108396919
117,Shortest+Risk (No Teacher),0.817166084369964,0.8748734138245531
118,Shortest+Risk (No Teacher),0.8167613791219593,0.8743885405141495
119,Shortest+Risk (No Teacher),0.8163318168499175,0.8739113010477686
120,Shortest+Risk (No Teacher),0.8159030323881961,0.8734505769809705
1,Teacher Distillation Only,0.7651225333014362,0.8006110556574297
2,Teacher Distillation Only,0.7553142473372275,0.7903642068569249
3,Teacher Distillation Only,0.745738519725949,0.7800880166271797
4,Teacher Distillation Only,0.7358765125552766,0.7700297873276017
5,Teacher Distillation Only,0.7263092096597626,0.7598630095343938
6,Teacher Distillation Only,0.7166979057334737,0.7497090640742894
7,Teacher Distillation Only,0.7071420253167409,0.7395972004203737
8,Teacher Distillation Only,0.697582484235209,0.7295795504820662
9,Teacher Distillation Only,0.6880995104599349,0.7195624795338229
10,Teacher Distillation Only,0.678520170386047,0.7096732015001644
11,Teacher Distillation Only,0.669262497162068,0.69958944472703
12,Teacher Distillation Only,0.6599060645442747,0.6895470261388396
13,Teacher Distillation Only,0.6504477629501052,0.6797221131495332
14,Teacher Distillation Only,0.6412617033808415,0.6698433624270544
15,Teacher Distillation Only,0.6319017820389266,0.6601822522713645
16,Teacher Distillation Only,0.6227449077980615,0.650456013983553
17,Teacher Distillation Only,0.6136069451644209,0.6406726090014444
18,Teacher Distillation Only,0.6045432371847671,0.6308544876045239
19,Teacher Distillation Only,0.5953965823544282,0.6212014128594524
20,Teacher Distillation Only,0.5862608438153164,0.6116963120678536
21,Teacher Distillation Only,0.5772171334571946,0.6022077730247059
22,Teacher Distillation Only,0.5683872868986531,0.5925625659073493
23,Teacher Distillation Only,0.5593413725492855,0.5831364398796117
24,Teacher Distillation Only,0.5504733759787575,0.5737127857297242
25,Teacher Distillation Only,0.5416556224835314,0.5642639377254349
26,Teacher Distillation Only,0.532790938202013,0.554918457338265
27,Teacher Distillation Only,0.5240618841605591,0.5455404661862328
28,Teacher Distillation Only,0.5152913755455567,0.5362724951971004
29,Teacher Distillation Only,0.5066416264076945,0.5270138949294854
30,Teacher Distillation Only,0.4979773852064736,0.5177771745721809
31,Teacher Distillation Only,0.4893783164499124,0.5085950899828648
32,Teacher Distillation Only,0.4807097885116421,0.4995690945703913
33,Teacher Distillation Only,0.4722217149862427,0.490511396253832
34,Teacher Distillation Only,0.46374203657790075,0.48152520803048116
35,Teacher Distillation Only,0.45537590019068425,0.4725150935942797
36,Teacher Distillation Only,0.44694478162982587,0.4635962206134529
37,Teacher Distillation Only,0.4386547188464055,0.45466356514772027
38,Teacher Distillation Only,0.43024452615431835,0.44595648146713873
39,Teacher Distillation Only,0.42214097018798896,0.4371263799177914
40,Teacher Distillation Only,0.4139663632006233,0.42834718870708766
41,Teacher Distillation Only,0.40575101402496777,0.4197585801499813
42,Teacher Distillation Only,0.3977606498267408,0.4111724534820806
43,Teacher Distillation Only,0.38971708877109285,0.40270427161390265
44,Teacher Distillation Only,0.38194237674023584,0.39418303197131
45,Teacher Distillation Only,0.37396663400535285,0.3859497711039257
46,Teacher Distillation Only,0.36641600835305455,0.37756433670479994
47,Teacher Distillation Only,0.3584823691533061,0.3696054499219773
48,Teacher Distillation Only,0.35105727435926304,0.3614963289367652
49,Teacher Distillation Only,0.34353966610448755,0.35345691238554605
50,Teacher Distillation Only,0.33612256659664447,0.3455225377579685
51,Teacher Distillation Only,0.32865055106298424,0.33780916834693303
52,Teacher Distillation Only,0.3215696227300209,0.32994754392288705
53,Teacher Distillation Only,0.31428355565072696,0.32237286645554086
54,Teacher Distillation Only,0.3073096856775333,0.3148159099218449
55,Teacher Distillation Only,0.30032060675632155,0.3074178111682969
56,Teacher Distillation Only,0.29336047055840075,0.3002350346111399
57,Teacher Distillation Only,0.2866983784176751,0.2930362624569592
58,Teacher Distillation Only,0.28010889944424733,0.2858715538010812
59,Teacher Distillation Only,0.27353438533379465,0.2788987858206451
60,Teacher Distillation Only,0.26709621742434786,0.272109690711806
61,Teacher Distillation Only,0.26083167399382357,0.26544732379134667
62,Teacher Distillation Only,0.25471128969068546,0.2588832759375149
63,Teacher Distillation Only,0.2486359332674961,0.2525556797558561
64,Teacher Distillation Only,0.24277291301786255,0.24631624204189187
65,Teacher Distillation Only,0.23706603407303584,0.24015697470719855
66,Teacher Distillation Only,0.23140363526074137,0.23421218699281732
67,Teacher Distillation Only,0.22596715084762697,0.2283526858311975
68,Teacher Distillation Only,0.22057473811730208,0.22273890009007966
69,Teacher Distillation Only,0.21544644200559498,0.2171675057655916
70,Teacher Distillation Only,0.21036418243420757,0.2117984598012957
71,Teacher Distillation Only,0.20540829459998314,0.20665768493389824
72,Teacher Distillation Only,0.20069554317516003,0.20160253223141839
73,Teacher Distillation Only,0.19609232863929346,0.196698978566456
74,Teacher Distillation Only,0.19161603533115174,0.19196421186067453
75,Teacher Distillation Only,0.18730250152920191,0.18739912460788413
76,Teacher Distillation Only,0.18313935466347844,0.1829766286290823
77,Teacher Distillation Only,0.17915540688774065,0.17864748093981764
78,Teacher Distillation Only,0.1752143105384291,0.17456508804442908
79,Teacher Distillation Only,0.17148379016331763,0.170596292239511
80,Teacher Distillation Only,0.16786421734608128,0.16679140568521122
81,Teacher Distillation Only,0.16442115874046923,0.16310462638341805
82,Teacher Distillation Only,0.16108546941017354,0.15954792582970198
83,Teacher Distillation Only,0.15779857059117855,0.15622526411876708
84,Teacher Distillation Only,0.15481081401342314,0.15290879901979426
85,Teacher Distillation Only,0.151813660198759,0.14975367370604728
86,Teacher Distillation Only,0.14893489379800173,0.14677624501763012
87,Teacher Distillation Only,0.14625694075687154,0.14386706401827176
88,Teacher Distillation Only,0.1436092492402186,0.1411119835280334
89,Teacher Distillation Only,0.1411347473299398,0.13840469004206857
90,Teacher Distillation Only,0.138677224151851,0.13585028374454652
91,Teacher Distillation Only,0.13634720188421998,0.133376257508576
92,Teacher Distillation Only,0.13413735210567768,0.13094015792591576
93,Teacher Distillation Only,0.1319226765906765,0.12865294747830922
94,Teacher Distillation Only,0.12982307303460355,0.12644878458550335
95,Teacher Distillation Only,0.12781665402041975,0.1242771354238872
96,Teacher Distillation Only,0.1258509032511449,0.12216772354594656
97,Teacher Distillation Only,0.12392371527414842,0.12015957131541535
98,Teacher Distillation Only,0.12211306394015604,0.11816939231859952
99,Teacher Distillation Only,0.12029590976275994,0.11627976941654508
100,Teacher Distillation Only,0.11857953615743624,0.1144421815316006
101,Teacher Distillation Only,0.11690861406976472,0.11267930582096194
102,Teacher Distillation Only,0.11531351982474505,0.11098683851410404
103,Teacher Distillation Only,0.11378153868812936,0.10936509007892194
104,Teacher Distillation Only,0.11231008038692049,0.10781566590117074
105,Teacher Distillation Only,0.11094067290417851,0.10630215933867969
106,Teacher Distillation Only,0.10957839428494522,0.1048794831866239
107,Teacher Distillation Only,0.10829575682874322,0.10351053967168135
108,Teacher Distillation Only,0.10706188012373247,0.10220581142472257
109,Teacher Distillation Only,0.10589630684541118,0.10093608424415114
110,Teacher Distillation Only,0.1047661446346539,0.09972346853320002
111,Teacher Distillation Only,0.10367702765378171,0.09857203182221201
112,Teacher Distillation Only,0.10265409492901058,0.0974514656128075
113,Teacher Distillation Only,0.1016536761106918,0.09638149870637787
114,Teacher Distillation Only,0.10070114355572182,0.0953555654380963
115,Teacher Distillation Only,0.09978647311689098,0.09436736968498022
116,Teacher Distillation Only,0.09890058808993388,0.09342651175766674
117,Teacher Distillation Only,0.09806778904816008,0.09250673482521882
118,Teacher Distillation Only,0.09725822531676376,0.09162659331298727
119,Teacher Distillation Only,0.0964703564022287,0.09079709849544855
120,Teacher Distillation Only,0.09572307791804854,0.09000245941742026
1,Teacher+Shortest+Risk,1.9971592858361713,2.0999789163817884
2,Teacher+Shortest+Risk,1.9796097126032508,2.0820401890281572
3,Teacher+Shortest+Risk,1.9619934462722273,2.0641829466931
4,Teacher+Shortest+Risk,1.9449453583917427,2.0460737140886893
5,Teacher+Shortest+Risk,1.9277728846263456,2.0280814853092743
6,Teacher+Shortest+Risk,1.9105707509500587,2.010358407004254
7,Teacher+Shortest+Risk,1.8936679794517801,1.9927041986681997
8,Teacher+Shortest+Risk,1.8768009031798278,1.9752591119769203
9,Teacher+Shortest+Risk,1.8601508450853768,1.957741298349241
10,Teacher+Shortest+Risk,1.843365284387836,1.940466591581401
11,Teacher+Shortest+Risk,1.826976237466307,1.923148291663471
12,Teacher+Shortest+Risk,1.810228186475299,1.9062165294427709
13,Teacher+Shortest+Risk,1.7940846912623682,1.88898387333468
14,Teacher+Shortest+Risk,1.7777348869424168,1.8719735397706692
15,Teacher+Shortest+Risk,1.7616939705384809,1.8549353368174788
16,Teacher+Shortest+Risk,1.7454487303657704,1.8383290052043149
17,Teacher+Shortest+Risk,1.7296392643100083,1.821662116013641
18,Teacher+Shortest+Risk,1.7138655396267446,1.8049953736561823
19,Teacher+Shortest+Risk,1.6980036727747625,1.788533833683186
20,Teacher+Shortest+Risk,1.6824527537896223,1.7720575495789619
21,Teacher+Shortest+Risk,1.6668063593474929,1.7558344237355756
22,Teacher+Shortest+Risk,1.6513437334447478,1.739724789585333
23,Teacher+Shortest+Risk,1.6361064090070834,1.7235252905411076
24,Teacher+Shortest+Risk,1.6207617731456696,1.7075694159808834
25,Teacher+Shortest+Risk,1.6054678949747974,1.6918504694201528
26,Teacher+Shortest+Risk,1.5906887376254806,1.675905676318179
27,Teacher+Shortest+Risk,1.5753987133453298,1.660542801045704
28,Teacher+Shortest+Risk,1.560860829936566,1.6449371044224195
29,Teacher+Shortest+Risk,1.546150500248758,1.6294449773583775
30,Teacher+Shortest+Risk,1.5314964454306341,1.614189920677553
31,Teacher+Shortest+Risk,1.5170331790713028,1.5989525737139523
32,Teacher+Shortest+Risk,1.5025082170079298,1.584060066780814
33,Teacher+Shortest+Risk,1.4883789223167345,1.5690637539556571
34,Teacher+Shortest+Risk,1.4740743115829877,1.5543056624488178
35,Teacher+Shortest+Risk,1.4601202379403722,1.539452730775065
36,Teacher+Shortest+Risk,1.4460971968071874,1.5248788904810027
37,Teacher+Shortest+Risk,1.4323698417521817,1.510327270946829
38,Teacher+Shortest+Risk,1.4185096612872132,1.4961404822662496
39,Teacher+Shortest+Risk,1.4050926015369496,1.4819174984565604
40,Teacher+Shortest+Risk,1.391673329551505,1.467792047497644
41,Teacher+Shortest+Risk,1.3782944051131987,1.4539505675272846
42,Teacher+Shortest+Risk,1.3652178109079536,1.440169321063147
43,Teacher+Shortest+Risk,1.3521663525008774,1.4265556528260512
44,Teacher+Shortest+Risk,1.3393435168715244,1.4130499870929154
45,Teacher+Shortest+Risk,1.3265773887893315,1.399830089942849
46,Teacher+Shortest+Risk,1.3141616803966867,1.3866714949185148
47,Teacher+Shortest+Risk,1.3019319130885285,1.3735516935262486
48,Teacher+Shortest+Risk,1.2893711750238384,1.361055210255909
49,Teacher+Shortest+Risk,1.277530850936643,1.3485449528434599
50,Teacher+Shortest+Risk,1.2656718136131555,1.3361977144125645
51,Teacher+Shortest+Risk,1.2540202446926279,1.3239778004018923
52,Teacher+Shortest+Risk,1.2425930935866514,1.3119393707619484
53,Teacher+Shortest+Risk,1.2312516697723257,1.300150142301853
54,Teacher+Shortest+Risk,1.2202286217296507,1.2885022971715379
55,Teacher+Shortest+Risk,1.2092906212214727,1.2771722043098224
56,Teacher+Shortest+Risk,1.1986946477788307,1.266068942810106
57,Teacher+Shortest+Risk,1.1882076043920544,1.2553270608418465
58,Teacher+Shortest+Risk,1.1781037925700508,1.2446744809069121
59,Teacher+Shortest+Risk,1.168190395885697,1.2342445409131086
60,Teacher+Shortest+Risk,1.1584523440877352,1.224107224685408
61,Teacher+Shortest+Risk,1.1490448297927467,1.2141942547787774
62,Teacher+Shortest+Risk,1.1396843983399592,1.204670417364426
63,Teacher+Shortest+Risk,1.1308709544313886,1.1951974361532398
64,Teacher+Shortest+Risk,1.1221595123159431,1.1860351577331638
65,Teacher+Shortest+Risk,1.1136084759837288,1.1772666133210226
66,Teacher+Shortest+Risk,1.1054059774195069,1.1688350856211471
67,Teacher+Shortest+Risk,1.097587916040953,1.160536613286376
68,Teacher+Shortest+Risk,1.089926173658773,1.1525379228369443
69,Teacher+Shortest+Risk,1.0824988341653294,1.1448812766542331
70,Teacher+Shortest+Risk,1.075331295357011,1.1375101943779882
71,Teacher+Shortest+Risk,1.0685082447169285,1.130347405399542
72,Teacher+Shortest+Risk,1.0619360088527332,1.1234726342220513
73,Teacher+Shortest+Risk,1.055607609461991,1.1169346227987003
74,Teacher+Shortest+Risk,1.049561253906667,1.1106705139065234
75,Teacher+Shortest+Risk,1.0438626561437403,1.1045755743053431
76,Teacher+Shortest+Risk,1.0382169768067722,1.0988940840375554
77,Teacher+Shortest+Risk,1.0330241883005664,1.0933758778668488
78,Teacher+Shortest+Risk,1.0279445356278594,1.0881982546757392
79,Teacher+Shortest+Risk,1.0231719511068973,1.08327224465959
80,Teacher+Shortest+Risk,1.0186497172878655,1.0785137709711055
81,Teacher+Shortest+Risk,1.0143483849371142,1.073972063524356
82,Teacher+Shortest+Risk,1.0101693370822589,1.069766726872042
83,Teacher+Shortest+Risk,1.0063058101540903,1.0657484535110497
84,Teacher+Shortest+Risk,1.0026833479890345,1.0618825841283723
85,Teacher+Shortest+Risk,0.9991429366780964,1.0582943511417087
86,Teacher+Shortest+Risk,0.9958424299801415,1.0549123327987933
87,Teacher+Shortest+Risk,0.9928206809658425,1.0516255676839066
88,Teacher+Shortest+Risk,0.9898487375966908,1.0486042733140533
89,Teacher+Shortest+Risk,0.9871209596936017,1.0457336913742137
90,Teacher+Shortest+Risk,0.9844797423950257,1.0431042852149595
91,Teacher+Shortest+Risk,0.982110004666606,1.0405322051901098
92,Teacher+Shortest+Risk,0.9798069600958841,1.0381499634560307
93,Teacher+Shortest+Risk,0.9776546607274171,1.0359148408168952
94,Teacher+Shortest+Risk,0.9756325763218643,1.0338263860201204
95,Teacher+Shortest+Risk,0.9737262535524297,1.0318813613191549
96,Teacher+Shortest+Risk,0.9719736572107341,1.0300095574481305
97,Teacher+Shortest+Risk,0.97030872288316,1.0282714118482907
98,Teacher+Shortest+Risk,0.9687641881601231,1.0266296655912979
99,Teacher+Shortest+Risk,0.9672885905740818,1.0250985618698096
100,Teacher+Shortest+Risk,0.9659081688127484,1.0236711795000044
101,Teacher+Shortest+Risk,0.9646299804494572,1.0223100200225925
102,Teacher+Shortest+Risk,0.9634093907729245,1.021045122695377
103,Teacher+Shortest+Risk,0.9622782277000127,1.0198364102080302
104,Teacher+Shortest+Risk,0.9611873456466756,1.0187434504970236
105,Teacher+Shortest+Risk,0.9602099871301707,1.017678631223379
106,Teacher+Shortest+Risk,0.9592388616047627,1.0166940425825342
107,Teacher+Shortest+Risk,0.958351723632501,1.0157658879530744
108,Teacher+Shortest+Risk,0.9575151599778511,1.0148738112827853
109,Teacher+Shortest+Risk,0.956709765648965,1.0140433207640938
110,Teacher+Shortest+Risk,0.9559513259541887,1.013262584828663
111,Teacher+Shortest+Risk,0.9552311424095816,1.01252165997566
112,Teacher+Shortest+Risk,0.9545506598094844,1.0118149754418926
113,Teacher+Shortest+Risk,0.953900567433612,1.011142755555884
114,Teacher+Shortest+Risk,0.95328303099354,1.0104859335055434
115,Teacher+Shortest+Risk,0.9526825481366166,1.0098733308712022
116,Teacher+Shortest+Risk,0.9521129069636611,1.0092870302927068
117,Teacher+Shortest+Risk,0.9515577213225057,1.0087321297747907
118,Teacher+Shortest+Risk,0.951028239665439,1.0082173988941483
119,Teacher+Shortest+Risk,0.950539131657995,1.0077108087287534
120,Teacher+Shortest+Risk,0.9500654161304181,1.0072068000099337
1,Shortest-Oracle Only,1.450559590610377,1.6084382794422294
2,Shortest-Oracle Only,1.4384925288162587,1.5956029566935475
3,Shortest-Oracle Only,1.4267186001746182,1.5827704824097484
4,Shortest-Oracle Only,1.4144381619748974,1.5703463366011332
5,Shortest-Oracle Only,1.402740308764443,1.5577250457751852
6,Shortest-Oracle Only,1.3908133918897883,1.545238617868224
7,Shortest-Oracle Only,1.3791244816689165,1.5327280227016977
8,Shortest-Oracle Only,1.3673005549790274,1.5203807510949214
9,Shortest-Oracle Only,1.3556362613875006,1.5080547162860425
10,Shortest-Oracle Only,1.3440199264185757,1.4957473420247285
11,Shortest-Oracle Only,1.3325100009703474,1.4834993655694537
12,Shortest-Oracle Only,1.3209827042815896,1.4713444543568133
13,Shortest-Oracle Only,1.309603872435185,1.4592475588242275
14,Shortest-Oracle Only,1.298059613584899,1.4473850695686135
15,Shortest-Oracle Only,1.2868809346594516,1.435384675387169
16,Shortest-Oracle Only,1.275388943933567,1.423643528445574
17,Shortest-Oracle Only,1.2644702728422024,1.4115939908577988
18,Shortest-Oracle Only,1.252987440160961,1.3999689502553547
19,Shortest-Oracle Only,1.2420460821048,1.3881388057764883
20,Shortest-Oracle Only,1.2308920732660884,1.3764670923825477
21,Shortest-Oracle Only,1.2199270376378752,1.3648354558405444
22,Shortest-Oracle Only,1.20888893006552,1.3533290003178935
23,Shortest-Oracle Only,1.1979182300194444,1.3419185837140664
24,Shortest-Oracle Only,1.1870882363486224,1.3305020336029976
25,Shortest-Oracle Only,1.1762876217093678,1.3190760309616787
26,Shortest-Oracle Only,1.1655505102203767,1.307655637343663
27,Shortest-Oracle Only,1.1546559424725285,1.2965267053599694
28,Shortest-Oracle Only,1.144001362988297,1.285407254346852
29,Shortest-Oracle Only,1.1335050566954274,1.2741907298518742
30,Shortest-Oracle Only,1.1228771231558325,1.2631253330029784
31,Shortest-Oracle Only,1.1124092939579553,1.252132398965837
32,Shortest-Oracle Only,1.1019997842235563,1.2411832526891755
33,Shortest-Oracle Only,1.091541812700965,1.2303882636920507
34,Shortest-Oracle Only,1.0813785080015512,1.2194721189051243
35,Shortest-Oracle Only,1.0710064385823204,1.2087768424305225
36,Shortest-Oracle Only,1.0608088206817925,1.1981506161132032
37,Shortest-Oracle Only,1.050668428003877,1.187591101013349
38,Shortest-Oracle Only,1.040704959315697,1.1769951533015435
39,Shortest-Oracle Only,1.030715838541658,1.166524021501785
40,Shortest-Oracle Only,1.020663079782972,1.1563289555166232
41,Shortest-Oracle Only,1.0109109952860538,1.1461222805227078
42,Shortest-Oracle Only,1.0012198501391467,1.1358874436961321
43,Shortest-Oracle Only,0.9914786398578809,1.1258153599606846
44,Shortest-Oracle Only,0.9819705942301307,1.1157028839442271
45,Shortest-Oracle Only,0.9723641050136657,1.1057877402080296
46,Shortest-Oracle Only,0.9630148647990201,1.09589195528481
47,Shortest-Oracle Only,0.9536535382330111,1.086185702236007
48,Shortest-Oracle Only,0.9444580219650205,1.0765832486215439
49,Shortest-Oracle Only,0.935307879537675,1.0671044310149438
50,Shortest-Oracle Only,0.9262416063701507,1.057766803191855
51,Shortest-Oracle Only,0.9173769555347235,1.0484429942278046
52,Shortest-Oracle Only,0.9084569820814555,1.0393356048811506
53,Shortest-Oracle Only,0.8998213680975277,1.030190697203857
54,Shortest-Oracle Only,0.891137323536064,1.0212664990162867
55,Shortest-Oracle Only,0.8826340150228288,1.012477029487202
56,Shortest-Oracle Only,0.8742122794933095,1.003906880119436
57,Shortest-Oracle Only,0.8660908565061086,0.995303075134431
58,Shortest-Oracle Only,0.8580343785461473,0.9867590354635769
59,Shortest-Oracle Only,0.8497988266487103,0.9786838836950632
60,Shortest-Oracle Only,0.8421351547621511,0.9705208197386112
61,Shortest-Oracle Only,0.8343277902987403,0.9626072249054263
62,Shortest-Oracle Only,0.8267914101449317,0.9548106282187653
63,Shortest-Oracle Only,0.8194729669674022,0.9470142463119707
64,Shortest-Oracle Only,0.812081710989055,0.9395357271574155
65,Shortest-Oracle Only,0.804911900883072,0.9322625822470596
66,Shortest-Oracle Only,0.7980439634074858,0.9250453259019682
67,Shortest-Oracle Only,0.791199262749791,0.9180287112569181
68,Shortest-Oracle Only,0.7845242722891117,0.9112201784120615
69,Shortest-Oracle Only,0.7780083357408221,0.9046184122793255
70,Shortest-Oracle Only,0.7717925674226268,0.8980620756895389
71,Shortest-Oracle Only,0.7656113011804194,0.8917153118009442
72,Shortest-Oracle Only,0.7595777357618838,0.8856044208975747
73,Shortest-Oracle Only,0.7537837841581535,0.8796504068337698
74,Shortest-Oracle Only,0.748138978219985,0.8738831186553104
75,Shortest-Oracle Only,0.7426956657983043,0.8682546619294135
76,Shortest-Oracle Only,0.7373751394390131,0.8628133168800407
77,Shortest-Oracle Only,0.7322126005226018,0.8576019811223958
78,Shortest-Oracle Only,0.7272656458741772,0.8525362864286746
79,Shortest-Oracle Only,0.7224925712376087,0.8475883926743227
80,Shortest-Oracle Only,0.7178411270192044,0.8428407202941516
81,Shortest-Oracle Only,0.7133665525721508,0.8382717059805447
82,Shortest-Oracle Only,0.7090539571865738,0.833873923853513
83,Shortest-Oracle Only,0.7049329464084927,0.8296066298215173
84,Shortest-Oracle Only,0.7008872148686629,0.8255627304892684
85,Shortest-Oracle Only,0.6970707042026314,0.8216476002744147
86,Shortest-Oracle Only,0.6934539270211246,0.8178170796607835
87,Shortest-Oracle Only,0.6897977756991392,0.8142728737211338
88,Shortest-Oracle Only,0.6864263921150855,0.8108369179422037
89,Shortest-Oracle Only,0.6831782031387382,0.8075242820033539
90,Shortest-Oracle Only,0.6800710434760251,0.8043209171221295
91,Shortest-Oracle Only,0.6770704285834801,0.8012568662556265
92,Shortest-Oracle Only,0.6741832007896918,0.7983356150059069
93,Shortest-Oracle Only,0.6714604550027824,0.7955173450694538
94,Shortest-Oracle Only,0.6688355803193193,0.7928272654712892
95,Shortest-Oracle Only,0.6662694559605674,0.7903115509278454
96,Shortest-Oracle Only,0.6639353069593372,0.7878087460763874
97,Shortest-Oracle Only,0.6615537593977859,0.7855068137717746
98,Shortest-Oracle Only,0.6593975097637749,0.7832531655693498
99,Shortest-Oracle Only,0.6572717592661267,0.7811280796455838
100,Shortest-Oracle Only,0.6552534077598807,0.7791079039909783
101,Shortest-Oracle Only,0.6533401872443235,0.7771555858467274
102,Shortest-Oracle Only,0.651533573974604,0.7752564708730401
103,Shortest-Oracle Only,0.6497881097335797,0.7734395257268739
104,Shortest-Oracle Only,0.648079577656137,0.7717531098588135
105,Shortest-Oracle Only,0.6465202835963706,0.770105339223151
106,Shortest-Oracle Only,0.6449487916649603,0.7685882603817444
107,Shortest-Oracle Only,0.6435438220110763,0.7670806475520411
108,Shortest-Oracle Only,0.6421059303231509,0.7657022317373688
109,Shortest-Oracle Only,0.6407963057553426,0.7643510660028199
110,Shortest-Oracle Only,0.6395449698554444,0.7630341089944522
111,Shortest-Oracle Only,0.6382931505066307,0.7618116322272882
112,Shortest-Oracle Only,0.6371554652368858,0.7606091395909245
113,Shortest-Oracle Only,0.6360269512748307,0.7594791742187429
114,Shortest-Oracle Only,0.6349583132372549,0.7583999580232604
115,Shortest-Oracle Only,0.6339642941665143,0.7573305530016224
116,Shortest-Oracle Only,0.632955459274674,0.7563409877322055
117,Shortest-Oracle Only,0.6320087929909314,0.7553959550273963
118,Shortest-Oracle Only,0.6311042874908194,0.7544845869890209
119,Shortest-Oracle Only,0.6302632385177056,0.7535749333113502
120,Shortest-Oracle Only,0.6294176554308268,0.7527103769419085
1,Risk-Oracle Only,0.7498907470975897,0.8965502734520379
2,Risk-Oracle Only,0.7462137961858067,0.8924908951144178
3,Risk-Oracle Only,0.7427254988569622,0.8884537666862922
4,Risk-Oracle Only,0.7391794198307701,0.8845803681544607
5,Risk-Oracle Only,0.7356495176692287,0.8808363603469848
6,Risk-Oracle Only,0.7322827684228999,0.8770887434228642
7,Risk-Oracle Only,0.7290078503558577,0.8732882724378018
8,Risk-Oracle Only,0.7256205807948187,0.8696241690196518
9,Risk-Oracle Only,0.7223693581090759,0.8659796104423765
10,Risk-Oracle Only,0.7191501991297352,0.8623788566274481
11,Risk-Oracle Only,0.7158986745317902,0.8589289002668756
12,Risk-Oracle Only,0.7128114180568043,0.855456947380032
13,Risk-Oracle Only,0.7097221159990342,0.8519933549449206
14,Risk-Oracle Only,0.7066093520370216,0.8486251911504799
15,Risk-Oracle Only,0.7036606414789308,0.8452037509262423
16,Risk-Oracle Only,0.7006552023904238,0.8418906039271957
17,Risk-Oracle Only,0.6977113303389444,0.8386332923178521
18,Risk-Oracle Only,0.6947445554077832,0.8355143617097026
19,Risk-Oracle Only,0.6919322351015063,0.832314424511077
20,Risk-Oracle Only,0.6891114414479479,0.8291829453245971
21,Risk-Oracle Only,0.6863071738121976,0.8261012961751818
22,Risk-Oracle Only,0.6835071726277029,0.823114362245932
23,Risk-Oracle Only,0.6808958572053411,0.8200350000727186
24,Risk-Oracle Only,0.6781062174448226,0.8171606367175474
25,Risk-Oracle Only,0.6755031672921115,0.8142865629827764
26,Risk-Oracle Only,0.6728913648431721,0.8114318526317499
27,Risk-Oracle Only,0.6703765596684839,0.8085055727999308
28,Risk-Oracle Only,0.6677850701187878,0.8057081811101191
29,Risk-Oracle Only,0.6653339603195892,0.8028997475559817
30,Risk-Oracle Only,0.6628156628325653,0.8001826711166375
31,Risk-Oracle Only,0.6604199546167376,0.7974822262199602
32,Risk-Oracle Only,0.6580292769301453,0.7948456708540942
33,Risk-Oracle Only,0.6556449270311665,0.7923121249186356
34,Risk-Oracle Only,0.6533796754252592,0.789738663400817
35,Risk-Oracle Only,0.6511163639302792,0.787208286576452
36,Risk-Oracle Only,0.6488374385385446,0.7847633795808397
37,Risk-Oracle Only,0.646665312761178,0.7823158745429573
38,Risk-Oracle Only,0.6444936073196011,0.7799271536279704
39,Risk-Oracle Only,0.6423864221517531,0.7775743947668098
40,Risk-Oracle Only,0.6403180892897213,0.7752335439995219
41,Risk-Oracle Only,0.6382315432604342,0.7729935971089429
42,Risk-Oracle Only,0.6362190520737702,0.7708002358421071
43,Risk-Oracle Only,0.6342101737627084,0.7686846034643172
44,Risk-Oracle Only,0.6323386249584141,0.7665121270001719
45,Risk-Oracle Only,0.6304564953166599,0.7643766796561197
46,Risk-Oracle Only,0.6285521400457116,0.7623180696707562
47,Risk-Oracle Only,0.6267248385384632,0.7603559572506468
48,Risk-Oracle Only,0.6250020148959292,0.7583486330222936
49,Risk-Oracle Only,0.6232289883889205,0.7564385790496164
50,Risk-Oracle Only,0.6215767006517504,0.7545005196660733
51,Risk-Oracle Only,0.6198671815644803,0.7526591309828873
52,Risk-Oracle Only,0.6182430222484726,0.7508649519485249
53,Risk-Oracle Only,0.6165998393159821,0.7491397128190115
54,Risk-Oracle Only,0.6151221018884336,0.7473488699826596
55,Risk-Oracle Only,0.6136043469242899,0.7456178798128892
56,Risk-Oracle Only,0.6120831198289884,0.7440010145779823
57,Risk-Oracle Only,0.6106149509877752,0.7424779307648344
58,Risk-Oracle Only,0.6092831282063397,0.7408621211461924
59,Risk-Oracle Only,0.607889853530293,0.739326520265303
60,Risk-Oracle Only,0.6065246867137334,0.7378541697465939
61,Risk-Oracle Only,0.6052338778330227,0.7364031725572487
62,Risk-Oracle Only,0.6039835233293823,0.7349621786062889
63,Risk-Oracle Only,0.6027639923137608,0.7335614934621348
64,Risk-Oracle Only,0.6015681620607565,0.7321965029588695
65,Risk-Oracle Only,0.6003882547473259,0.7309066357306045
66,Risk-Oracle Only,0.5992677783792123,0.7296383558180238
67,Risk-Oracle Only,0.5981937581143595,0.7283427220365966
68,Risk-Oracle Only,0.5970774287411357,0.7271420813456327
69,Risk-Oracle Only,0.5960848388180094,0.7258981744232887
70,Risk-Oracle Only,0.5950576186753331,0.7247119659051519
71,Risk-Oracle Only,0.5940471353409915,0.7235898120194604
72,Risk-Oracle Only,0.5930664851937874,0.7225152334439302
73,Risk-Oracle Only,0.5921831264995536,0.7213894598803531
74,Risk-Oracle Only,0.5912312753084702,0.7203432050996008
75,Risk-Oracle Only,0.590358905344732,0.7193049450053622
76,Risk-Oracle Only,0.5894714246992447,0.7183148639318465
77,Risk-Oracle Only,0.5886515591832817,0.7173078146948545
78,Risk-Oracle Only,0.5878291565710544,0.7163161265582285
79,Risk-Oracle Only,0.5870306320479806,0.7153417838810952
80,Risk-Oracle Only,0.5862370193587708,0.7143980236038693
81,Risk-Oracle Only,0.5854505688826691,0.7135085355949254
82,Risk-Oracle Only,0.5847091655829241,0.7126203802184113
83,Risk-Oracle Only,0.5839943120855535,0.7117093115421712
84,Risk-Oracle Only,0.5832610366168929,0.7108361918643683
85,Risk-Oracle Only,0.5825690380911431,0.7099891964729953
86,Risk-Oracle Only,0.5818880399430575,0.7091511861932638
87,Risk-Oracle Only,0.5812245490607921,0.7083290118196046
88,Risk-Oracle Only,0.5805433149698302,0.7075688543474831
89,Risk-Oracle Only,0.5799514547378304,0.7067540382618687
90,Risk-Oracle Only,0.5793051596522786,0.705982567818935
91,Risk-Oracle Only,0.5786841587035183,0.7052413805984509
92,Risk-Oracle Only,0.5780822953128673,0.7045043694889888
93,Risk-Oracle Only,0.5775204452684004,0.7037481775956039
94,Risk-Oracle Only,0.576913165119113,0.7030420628377027
95,Risk-Oracle Only,0.5763379953489081,0.7023628520743963
96,Risk-Oracle Only,0.5758011928938491,0.7016697254963941
97,Risk-Oracle Only,0.5752548349474896,0.7009791932671131
98,Risk-Oracle Only,0.5747152324577525,0.7002958689984381
99,Risk-Oracle Only,0.574183837550332,0.6996198405968321
100,Risk-Oracle Only,0.5736598100675673,0.6989563796799096
101,Risk-Oracle Only,0.573137940992429,0.698305527246063
102,Risk-Oracle Only,0.5726303413937764,0.6976671595614055
103,Risk-Oracle Only,0.5721261435095853,0.6970429824914792
104,Risk-Oracle Only,0.5716421007121741,0.6964075386201015
105,Risk-Oracle Only,0.5711537078084726,0.6957862146319944
106,Risk-Oracle Only,0.5706731693757705,0.6951802116692481
107,Risk-Oracle Only,0.570209240848163,0.694569847548682
108,Risk-Oracle Only,0.569736960426015,0.6939829182569414
109,Risk-Oracle Only,0.5692933507917177,0.6933752227254287
110,Risk-Oracle Only,0.5688163074682531,0.6928224691026068
111,Risk-Oracle Only,0.5683811923556612,0.6922459467541423
112,Risk-Oracle Only,0.56795382539227,0.6916601057665741
113,Risk-Oracle Only,0.5675146514464919,0.6910990442442949
114,Risk-Oracle Only,0.5670711216474327,0.6905644058165488
115,Risk-Oracle Only,0.5666593578379262,0.6900192211987343
116,Risk-Oracle Only,0.5662392853672598,0.6894775995628304
117,Risk-Oracle Only,0.5658300526895998,0.688940286451675
118,Risk-Oracle Only,0.5654155902849899,0.6884271470637953
119,Risk-Oracle Only,0.5650198622102505,0.6878999424571681
120,Risk-Oracle Only,0.5646114117113675,0.6874057142241439
1,Shortest+Risk (No Teacher),1.1850194274203099,1.3790857930408718
2,Shortest+Risk (No Teacher),1.1778547106997288,1.3711937295661059
3,Shortest+Risk (No Teacher),1.1706412363123526,1.363402531370463
4,Shortest+Risk (No Teacher),1.1635214271009353,1.3556988662199674
5,Shortest+Risk (No Teacher),1.1564491486256838,1.3481052001255782
6,Shortest+Risk (No Teacher),1.1495415281051626,1.3405081403984938
7,Shortest+Risk (No Teacher),1.142520502152836,1.3331130919393692
8,Shortest+Risk (No Teacher),1.135647184278336,1.3257871209697887
9,Shortest+Risk (No Teacher),1.1289173849896794,1.3183955684546627
10,Shortest+Risk (No Teacher),1.1222440927326334,1.3109815318301885
11,Shortest+Risk (No Teacher),1.1154204134303842,1.30386758570889
12,Shortest+Risk (No Teacher),1.1088241416805915,1.296783993172147
13,Shortest+Risk (No Teacher),1.1022640350267792,1.2897998306014389
14,Shortest+Risk (No Teacher),1.0957931007561725,1.2828014582095453
15,Shortest+Risk (No Teacher),1.0893210818016041,1.2758870619752443
16,Shortest+Risk (No Teacher),1.0829716275193326,1.2689815790130592
17,Shortest+Risk (No Teacher),1.0766368916409859,1.2621814404967033
18,Shortest+Risk (No Teacher),1.070339995876629,1.255491114142881
19,Shortest+Risk (No Teacher),1.0641636514600445,1.2488036388394261
20,Shortest+Risk (No Teacher),1.0580002114737612,1.2421593703012148
21,Shortest+Risk (No Teacher),1.0518591207486245,1.2356330412104553
22,Shortest+Risk (No Teacher),1.0457395095173705,1.2292258331334287
23,Shortest+Risk (No Teacher),1.0398660761526104,1.2227400699204756
24,Shortest+Risk (No Teacher),1.0339000534900602,1.2163854077469924
25,Shortest+Risk (No Teacher),1.0280821529159774,1.2100597997675748
26,Shortest+Risk (No Teacher),1.022130149333083,1.203987606175642
27,Shortest+Risk (No Teacher),1.0165107982744923,1.1977785533015624
28,Shortest+Risk (No Teacher),1.0107500662486997,1.191658945992231
29,Shortest+Risk (No Teacher),1.0050818441005474,1.1856911453879406
30,Shortest+Risk (No Teacher),0.999453393900262,1.1798091045559884
31,Shortest+Risk (No Teacher),0.994020260975464,1.173865542127401
32,Shortest+Risk (No Teacher),0.9884739224737981,1.16804797514569
33,Shortest+Risk (No Teacher),0.9831412712489169,1.1621953464126882
34,Shortest+Risk (No Teacher),0.9778041950092053,1.1564289014714342
35,Shortest+Risk (No Teacher),0.9724075863401286,1.1509238486138542
36,Shortest+Risk (No Teacher),0.9672975231414805,1.1453551518464624
37,Shortest+Risk (No Teacher),0.9620676550219217,1.1399773982585077
38,Shortest+Risk (No Teacher),0.9571105319555078,1.1345374046786638
39,Shortest+Risk (No Teacher),0.9520322462947506,1.1292662919721892
40,Shortest+Risk (No Teacher),0.9471349430368861,1.1240124022840623
41,Shortest+Risk (No Teacher),0.9422587307012213,1.1188629650497142
42,Shortest+Risk (No Teacher),0.9374340100186398,1.1138292418996278
43,Shortest+Risk (No Teacher),0.9327510971865672,1.1088323138833138
44,Shortest+Risk (No Teacher),0.9280781370256102,1.1039284477854403
45,Shortest+Risk (No Teacher),0.92353425583739,1.0990981135970395
46,Shortest+Risk (No Teacher),0.9190230879137674,1.094405951008697
47,Shortest+Risk (No Teacher),0.9146870438425206,1.0897038719803671
48,Shortest+Risk (No Teacher),0.9102590532766174,1.0852398157673784
49,Shortest+Risk (No Teacher),0.9060738215575347,1.080789119305304
50,Shortest+Risk (No Teacher),0.9020052928470731,1.076355215563135
51,Shortest+Risk (No Teacher),0.8979083666297812,1.0720696031908763
52,Shortest+Risk (No Teacher),0.8939023847466103,1.067920660991063
53,Shortest+Risk (No Teacher),0.8900478652432435,1.0638550690769872
54,Shortest+Risk (No Teacher),0.8862448904846778,1.0599120581085417
55,Shortest+Risk (No Teacher),0.8825931859498711,1.0560250184408553
56,Shortest+Risk (No Teacher),0.8789643306594606,1.0523030744976631
57,Shortest+Risk (No Teacher),0.8755038494475543,1.0486375836786792
58,Shortest+Risk (No Teacher),0.8720765784098683,1.0451277321757133
59,Shortest+Risk (No Teacher),0.8687998343217711,1.0416666953532294
60,Shortest+Risk (No Teacher),0.8655718868989649,1.0383569765792717
61,Shortest+Risk (No Teacher),0.8624935628683527,1.0351259946638443
62,Shortest+Risk (No Teacher),0.8595380667251766,1.031946531660699
63,Shortest+Risk (No Teacher),0.8566455959759824,1.0289078017337483
64,Shortest+Risk (No Teacher),0.8538579517010926,1.0259872864236397
65,Shortest+Risk (No Teacher),0.8511574673348251,1.0232115347749222
66,Shortest+Risk (No Teacher),0.848581314284575,1.0205491305690324
67,Shortest+Risk (No Teacher),0.8461017032658712,1.0179902591232548
68,Shortest+Risk (No Teacher),0.843765006899893,1.0154864547974745
69,Shortest+Risk (No Teacher),0.8415005002779226,1.013079239175266
70,Shortest+Risk (No Teacher),0.8392822446069637,1.0108336789214638
71,Shortest+Risk (No Teacher),0.8372101936643148,1.008677756666306
72,Shortest+Risk (No Teacher),0.8352387513989458,1.0065969478982442
73,Shortest+Risk (No Teacher),0.8333259081884,1.004642465888392
74,Shortest+Risk (No Teacher),0.8315539864477006,1.002739642406969
75,Shortest+Risk (No Teacher),0.829837993471762,1.0009183100634633
76,Shortest+Risk (No Teacher),0.8282044854177565,0.9991834695536808
77,Shortest+Risk (No Teacher),0.8266144379160532,0.9975771390588407
78,Shortest+Risk (No Teacher),0.8251802155853326,0.9959956907099481
79,Shortest+Risk (No Teacher),0.8237695632694847,0.9945123539148237
80,Shortest+Risk (No Teacher),0.8224547021208346,0.9930849335712577
81,Shortest+Risk (No Teacher),0.821166315811662,0.9917636737631422
82,Shortest+Risk (No Teacher),0.8200098054560435,0.9904607164130296
83,Shortest+Risk (No Teacher),0.8188315396422752,0.9892570283595764
84,Shortest+Risk (No Teacher),0.8177379852423639,0.9881339697390911
85,Shortest+Risk (No Teacher),0.8167615896274628,0.9869813843349631
86,Shortest+Risk (No Teacher),0.8157632357147949,0.9859056075721817
87,Shortest+Risk (No Teacher),0.8148159482866115,0.9848978931270396
88,Shortest+Risk (No Teacher),0.8139599515932786,0.9838869869016474
89,Shortest+Risk (No Teacher),0.8130829685798946,0.9829568877689234
90,Shortest+Risk (No Teacher),0.8122671185154916,0.9820643125071625
91,Shortest+Risk (No Teacher),0.8115158312910925,0.9811778402808653
92,Shortest+Risk (No Teacher),0.8107464344539842,0.9803687222330816
93,Shortest+Risk (No Teacher),0.8100581651223356,0.9795529341900838
94,Shortest+Risk (No Teacher),0.8093850061759449,0.9787606731299556
95,Shortest+Risk (No Teacher),0.808731578155806,0.9779899556169577
96,Shortest+Risk (No Teacher),0.8080672461720491,0.9772798756496746
97,Shortest+Risk (No Teacher),0.8074768851831607,0.9765548362554644
98,Shortest+Risk (No Teacher),0.8068786598995261,0.9758584364544597
99,Shortest+Risk (No Teacher),0.8062853110190391,0.9751962754820596
100,Shortest+Risk (No Teacher),0.8057465837520067,0.9745217075096739
101,Shortest+Risk (No Teacher),0.8051946476470019,0.9738723830969919
102,Shortest+Risk (No Teacher),0.8046737774314621,0.9732270776348276
103,Shortest+Risk (No Teacher),0.8041366078410451,0.9726124349072587
104,Shortest+Risk (No Teacher),0.803643782109966,0.9719887154680366
105,Shortest+Risk (No Teacher),0.8031291128924545,0.9714075296447777
106,Shortest+Risk (No Teacher),0.8026600912759364,0.9708059781471211
107,Shortest+Risk (No Teacher),0.8021825374289544,0.9702098890388778
108,Shortest+Risk (No Teacher),0.8017052292250575,0.9696291041503481
109,Shortest+Risk (No Teacher),0.8012388201420866,0.9690682066216384
110,Shortest+Risk (No Teacher),0.8007923106494145,0.9684911961706917
111,Shortest+Risk (No Teacher),0.8003451007255727,0.9679203805398978
112,Shortest+Risk (No Teacher),0.7998918622826051,0.9673730063863174
113,Shortest+Risk (No Teacher),0.7994498286629135,0.9668324313174838
114,Shortest+Risk (No Teacher),0.7990249104018315,0.966276432542631
115,Shortest+Risk (No Teacher),0.798601606605342,0.9657208178968599
116,Shortest+Risk (No Teacher),0.7981611205815596,0.9651882956879347
117,Shortest+Risk (No Teacher),0.7977425994673014,0.9646588058826261
118,Shortest+Risk (No Teacher),0.7973432050002707,0.9641068402784541
119,Shortest+Risk (No Teacher),0.7969160547325256,0.9635870789114954
120,Shortest+Risk (No Teacher),0.7965115237603673,0.963067446449392
1,Teacher Distillation Only,0.46084576623294704,0.4770690409551749
2,Teacher Distillation Only,0.45457378194376,0.4706380125813296
3,Teacher Distillation Only,0.44849520114756525,0.4641511837795296
4,Teacher Distillation Only,0.44236605837657034,0.45772349534341294
5,Teacher Distillation Only,0.43626517944422116,0.4513529805505488
6,Teacher Distillation Only,0.43017941221157485,0.44505692645618844
7,Teacher Distillation Only,0.42415131922781,0.43878167687600017
8,Teacher Distillation Only,0.4181965308943666,0.43252877502086823
9,Teacher Distillation Only,0.41224413854707,0.42630661023300254
10,Teacher Distillation Only,0.40639090979302867,0.42009877687641856
11,Teacher Distillation Only,0.40051792986731766,0.41395260260882627
12,Teacher Distillation Only,0.3946167895982088,0.40791741062004744
13,Teacher Distillation Only,0.38883887384290067,0.4018770440154811
14,Teacher Distillation Only,0.3831505300176023,0.3957939470211357
15,Teacher Distillation Only,0.3774143540578544,0.38977480756507005
16,Teacher Distillation Only,0.37164988825716916,0.3838761854227156
17,Teacher Distillation Only,0.36606243233976427,0.3779043974939194
18,Teacher Distillation Only,0.3604280444010635,0.3720063258288536
19,Teacher Distillation Only,0.354796534592863,0.3662031433270201
20,Teacher Distillation Only,0.3492690491213804,0.360400862420464
21,Teacher Distillation Only,0.3437727783829631,0.35459115027827315
22,Teacher Distillation Only,0.3381938208169436,0.3489106775345865
23,Teacher Distillation Only,0.332814666198431,0.34317645192792673
24,Teacher Distillation Only,0.32739317296077475,0.33747467345548726
25,Teacher Distillation Only,0.3219209035926149,0.33188805674324656
26,Teacher Distillation Only,0.316635765991407,0.32622832406130436
27,Teacher Distillation Only,0.3112316461389011,0.3206873089190512
28,Teacher Distillation Only,0.3060341443841166,0.31503155109588715
29,Teacher Distillation Only,0.3006901096505048,0.3095166702588153
30,Teacher Distillation Only,0.2954104063108062,0.3040915042000349
31,Teacher Distillation Only,0.2902399202747895,0.2986548785827217
32,Teacher Distillation Only,0.2851669914715327,0.29315086818313896
33,Teacher Distillation Only,0.27993891867629095,0.2877964913429538
34,Teacher Distillation Only,0.27482812576053983,0.2825067126409293
35,Teacher Distillation Only,0.26976873230882753,0.2772618036783545
36,Teacher Distillation Only,0.2647985565367869,0.2719675434549865
37,Teacher Distillation Only,0.25978961023124486,0.26675539410086585
38,Teacher Distillation Only,0.2549034779225193,0.26150634263856387
39,Teacher Distillation Only,0.2499366821123581,0.2563988203045751
40,Teacher Distillation Only,0.24504022321244848,0.2513950018112647
41,Teacher Distillation Only,0.24032225894050363,0.24629881502490558
42,Teacher Distillation Only,0.23546385318362048,0.24137974969644496
43,Teacher Distillation Only,0.23082948864109182,0.23640049842787195
44,Teacher Distillation Only,0.22614579098405696,0.23151710393999456
45,Teacher Distillation Only,0.2215590991896394,0.2266559412459086
46,Teacher Distillation Only,0.21688942124724606,0.22199234322556038
47,Teacher Distillation Only,0.21251824321517143,0.2172165933641512
48,Teacher Distillation Only,0.20806765135070654,0.21253958545296253
49,Teacher Distillation Only,0.2036587230514045,0.20797332010926617
50,Teacher Distillation Only,0.1992980949352124,0.2035113850552199
51,Teacher Distillation Only,0.19514126237837004,0.19903020211008515
52,Teacher Distillation Only,0.19098977479960783,0.1946141491741473
53,Teacher Distillation Only,0.18680701755534512,0.19039481047232146
54,Teacher Distillation Only,0.18281267680718202,0.186207010268611
55,Teacher Distillation Only,0.17884987058024407,0.18210336990729495
56,Teacher Distillation Only,0.1749418103646489,0.17810197048737594
57,Teacher Distillation Only,0.17119986407151172,0.17410171216629347
58,Teacher Distillation Only,0.1674574871716304,0.17021434529634707
59,Teacher Distillation Only,0.16382569086737467,0.16639894519454282
60,Teacher Distillation Only,0.16025599486702138,0.16270382294906008
61,Teacher Distillation Only,0.15681500204402876,0.15907071287275562
62,Teacher Distillation Only,0.15340396332722994,0.1555585904605254
63,Teacher Distillation Only,0.1500902058937482,0.15217034632987889
64,Teacher Distillation Only,0.14693121257764827,0.14883841884680998
65,Teacher Distillation Only,0.14381148818712924,0.14559149692494402
66,Teacher Distillation Only,0.14080521115846964,0.14240493433222487
67,Teacher Distillation Only,0.13785497620121162,0.1393487685346308
68,Teacher Distillation Only,0.13496640405880636,0.13645166923933302
69,Teacher Distillation Only,0.13227006399676963,0.13356318226117297
70,Teacher Distillation Only,0.1296006092059535,0.13077918845816788
71,Teacher Distillation Only,0.12705655220684137,0.12806076535090838
72,Teacher Distillation Only,0.124519147637313,0.1255037129086916
73,Teacher Distillation Only,0.12217045806272965,0.12299276696767666
74,Teacher Distillation Only,0.11979931133997379,0.12064854845716268
75,Teacher Distillation Only,0.11762140909819199,0.11833312898574182
76,Teacher Distillation Only,0.1154737341114388,0.11612251913427475
77,Teacher Distillation Only,0.11342244194161138,0.1139947811616289
78,Teacher Distillation Only,0.11144457645053354,0.11196346574056804
79,Teacher Distillation Only,0.10958619427002005,0.10998056578506896
80,Teacher Distillation Only,0.10775054284360472,0.10813622293224823
81,Teacher Distillation Only,0.10603634714141372,0.10637261960323609
82,Teacher Distillation Only,0.10445891605954802,0.10461734051763504
83,Teacher Distillation Only,0.10285926591330076,0.1030054682913351
84,Teacher Distillation Only,0.10136802599286188,0.10148892926209477
85,Teacher Distillation Only,0.09997208045230065,0.10003368023243364
86,Teacher Distillation Only,0.09865427152856708,0.0986340632856954
87,Teacher Distillation Only,0.09737863121707134,0.09730493345988249
88,Teacher Distillation Only,0.09616304901040149,0.09605952317081247
89,Teacher Distillation Only,0.09502330468604664,0.09488050354533561
90,Teacher Distillation Only,0.09394401142009552,0.09376819300199091
91,Teacher Distillation Only,0.09292001637939473,0.09271974509003364
92,Teacher Distillation Only,0.09196941814346904,0.09171259803170848
93,Teacher Distillation Only,0.09106708004331929,0.09075247034095776
94,Teacher Distillation Only,0.09020241333010817,0.08985649834161208
95,Teacher Distillation Only,0.08939349947704484,0.08900345748219722
96,Teacher Distillation Only,0.08861577089321868,0.08821554436390941
97,Teacher Distillation Only,0.08789355225046956,0.0874667991440394
98,Teacher Distillation Only,0.08722279643813802,0.08674492460757055
99,Teacher Distillation Only,0.08657781669199516,0.08606534583406057
100,Teacher Distillation Only,0.08596352084574267,0.08543666569324171
101,Teacher Distillation Only,0.08538966675591181,0.08484668817910734
102,Teacher Distillation Only,0.08484811495660333,0.08429248160650156
103,Teacher Distillation Only,0.08434535012135871,0.08375480169131717
104,Teacher Distillation Only,0.08386531516309205,0.08324552182538116
105,Teacher Distillation Only,0.08341639939231711,0.08276245453323532
106,Teacher Distillation Only,0.08297771783590396,0.0823232383978727
107,Teacher Distillation Only,0.08258158097494857,0.08189575711162768
108,Teacher Distillation Only,0.08219786439615387,0.08149777434760522
109,Teacher Distillation Only,0.0818455804641558,0.08111440645434152
110,Teacher Distillation Only,0.08149869591393018,0.08076547344787281
111,Teacher Distillation Only,0.08118400057983761,0.08042973580053848
112,Teacher Distillation Only,0.08087828677920357,0.080114404814452
113,Teacher Distillation Only,0.08060229074038829,0.0798092720745886
114,Teacher Distillation Only,0.08031830678105137,0.07954318499398914
115,Teacher Distillation Only,0.08007986662602705,0.07926750493017302
116,Teacher Distillation Only,0.07983792855374514,0.07900844964521232
117,Teacher Distillation Only,0.07960601577566465,0.07877014833051599
118,Teacher Distillation Only,0.0793968760004646,0.07853792158787237
119,Teacher Distillation Only,0.07918483166873722,0.07832955383197177
120,Teacher Distillation Only,0.07899805994111692,0.07812409688690483
1,Teacher+Shortest+Risk,1.645999908308903,1.856089967244545
2,Teacher+Shortest+Risk,1.6322998982364514,1.8417196458481153
3,Teacher+Shortest+Risk,1.6189278098722928,1.8273406556925047
4,Teacher+Shortest+Risk,1.6055654512474022,1.8131309482683793
5,Teacher+Shortest+Risk,1.59242921297753,1.7990014344384557
6,Teacher+Shortest+Risk,1.5792508237576568,1.7851249700733898
7,Teacher+Shortest+Risk,1.5663966295672103,1.7712289749606462
8,Teacher+Shortest+Risk,1.5534640353545486,1.757604830953892
9,Teacher+Shortest+Risk,1.5407216289390915,1.7440597964847484
10,Teacher+Shortest+Risk,1.5279801869111715,1.7307158709495776
11,Teacher+Shortest+Risk,1.5154365114737973,1.7174576209738308
12,Teacher+Shortest+Risk,1.503034853358072,1.7041467833574384
13,Teacher+Shortest+Risk,1.4906489600235502,1.6909527915286797
14,Teacher+Shortest+Risk,1.4783083104193853,1.6779232793404648
15,Teacher+Shortest+Risk,1.4661155056150927,1.6649828784508265
16,Teacher+Shortest+Risk,1.4539494508930826,1.6522173911079152
17,Teacher+Shortest+Risk,1.4420760066883616,1.6393910285394198
18,Teacher+Shortest+Risk,1.4299953095732272,1.626856784318234
19,Teacher+Shortest+Risk,1.4182017947326468,1.6143499972005855
20,Teacher+Shortest+Risk,1.4065796601754519,1.601810200467394
21,Teacher+Shortest+Risk,1.3947347760141202,1.5896533822754757
22,Teacher+Shortest+Risk,1.3833983717342648,1.5773483183289756
23,Teacher+Shortest+Risk,1.371937095891617,1.565168415456664
24,Teacher+Shortest+Risk,1.3604494160709246,1.5532903785764662
25,Teacher+Shortest+Risk,1.3492326154931824,1.541436049478355
26,Teacher+Shortest+Risk,1.3381110977679813,1.5295558987801432
27,Teacher+Shortest+Risk,1.3270750777517024,1.5177753198802424
28,Teacher+Shortest+Risk,1.3160389720296568,1.5061816363995801
29,Teacher+Shortest+Risk,1.3051807322207225,1.494688242004418
30,Teacher+Shortest+Risk,1.2944204287433323,1.483259421185317
31,Teacher+Shortest+Risk,1.2836765932653342,1.4720380267461632
32,Teacher+Shortest+Risk,1.2730683977579007,1.4609229784432904
33,Teacher+Shortest+Risk,1.2625705662542188,1.449902857301034
34,Teacher+Shortest+Risk,1.25240781848416,1.4387130973691815
35,Teacher+Shortest+Risk,1.2419020846261253,1.4279097919774368
36,Teacher+Shortest+Risk,1.231726434175064,1.4172698596389972
37,Teacher+Shortest+Risk,1.2217354437463261,1.4066622835273064
38,Teacher+Shortest+Risk,1.211773384993121,1.3962322703449417
39,Teacher+Shortest+Risk,1.2019123907133509,1.3859741268556862
40,Teacher+Shortest+Risk,1.1923817596196773,1.3756108165803018
41,Teacher+Shortest+Risk,1.1825449641042238,1.3657017884376343
42,Teacher+Shortest+Risk,1.1732324625876112,1.3557272537284633
43,Teacher+Shortest+Risk,1.163958708814198,1.3458114900300893
44,Teacher+Shortest+Risk,1.154568231841103,1.3362515484243285
45,Teacher+Shortest+Risk,1.14560556508597,1.326678437100742
46,Teacher+Shortest+Risk,1.13665948252519,1.3172767411637547
47,Teacher+Shortest+Risk,1.127834633835274,1.3080473042199263
48,Teacher+Shortest+Risk,1.11924006435492,1.2988719090669307
49,Teacher+Shortest+Risk,1.1105340448229928,1.2901259428950633
50,Teacher+Shortest+Risk,1.1022544723900372,1.2814176228506264
51,Teacher+Shortest+Risk,1.0940829537792836,1.2728421568039496
52,Teacher+Shortest+Risk,1.0860912662460878,1.264418927022046
53,Teacher+Shortest+Risk,1.0782723576645812,1.2561431001268737
54,Teacher+Shortest+Risk,1.0704258034783125,1.2482285008330756
55,Teacher+Shortest+Risk,1.0629889722132126,1.2403863412663514
56,Teacher+Shortest+Risk,1.0556729156922353,1.2327311277204849
57,Teacher+Shortest+Risk,1.0485340002816108,1.2252616280275754
58,Teacher+Shortest+Risk,1.0414934599504326,1.2181056116460185
59,Teacher+Shortest+Risk,1.0348374797542421,1.2109899221696565
60,Teacher+Shortest+Risk,1.028249820692783,1.2041034033647533
61,Teacher+Shortest+Risk,1.0218408264305001,1.1974440005100762
62,Teacher+Shortest+Risk,1.015590514735072,1.1910977293408997
63,Teacher+Shortest+Risk,1.0097077050981504,1.184891505725249
64,Teacher+Shortest+Risk,1.0039151466776337,1.178974213662949
65,Teacher+Shortest+Risk,0.9983705168951608,1.1732700467571373
66,Teacher+Shortest+Risk,0.9931334731709679,1.167637133210505
67,Teacher+Shortest+Risk,0.9878916021327122,1.162359719679025
68,Teacher+Shortest+Risk,0.9829639988027784,1.157280072604474
69,Teacher+Shortest+Risk,0.9783392949120913,1.1522927642514962
70,Teacher+Shortest+Risk,0.9736715767577678,1.1477485426999543
71,Teacher+Shortest+Risk,0.969461617788417,1.143284304210329
72,Teacher+Shortest+Risk,0.9653069509279469,1.139075594295558
73,Teacher+Shortest+Risk,0.9614424976794959,1.1349773890837322
74,Teacher+Shortest+Risk,0.95768247763922,1.1311142693925145
75,Teacher+Shortest+Risk,0.9541301561259765,1.127440266420821
76,Teacher+Shortest+Risk,0.9507673213660193,1.1239719184030403
77,Teacher+Shortest+Risk,0.9475684912322153,1.1207019113737147
78,Teacher+Shortest+Risk,0.9445716605180928,1.1175827123138167
79,Teacher+Shortest+Risk,0.9417162079199138,1.114635723492233
80,Teacher+Shortest+Risk,0.9389988669825715,1.1118770085223233
81,Teacher+Shortest+Risk,0.9365141057114245,1.1092131523823756
82,Teacher+Shortest+Risk,0.9341373338052594,1.1067167152091573
83,Teacher+Shortest+Risk,0.9318354303337532,1.1044308500267757
84,Teacher+Shortest+Risk,0.9297550620971045,1.1022445677233519
85,Teacher+Shortest+Risk,0.9277616033030671,1.1001975453241586
86,Teacher+Shortest+Risk,0.9258710330466768,1.0982836181114664
87,Teacher+Shortest+Risk,0.9241308744442718,1.0964513519399393
88,Teacher+Shortest+Risk,0.9224856722870783,1.094727801500966
89,Teacher+Shortest+Risk,0.9209245505409639,1.093122208607834
90,Teacher+Shortest+Risk,0.9194715968452862,1.0916186869375286
91,Teacher+Shortest+Risk,0.9181012037954329,1.0902132059048535
92,Teacher+Shortest+Risk,0.9168355797400939,1.0888712339674567
93,Teacher+Shortest+Risk,0.9156300107987242,1.0876044636082962
94,Teacher+Shortest+Risk,0.914472869311848,1.0864422149569557
95,Teacher+Shortest+Risk,0.9133913821791401,1.0853644815366643
96,Teacher+Shortest+Risk,0.9124091721514014,1.0842909920040162
97,Teacher+Shortest+Risk,0.9114487493162704,1.0832928486520426
98,Teacher+Shortest+Risk,0.9105259145478312,1.0823821541323022
99,Teacher+Shortest+Risk,0.9096983842165034,1.0814823193849288
100,Teacher+Shortest+Risk,0.9088809750720925,1.08063968699815
101,Teacher+Shortest+Risk,0.9081053099927173,1.0798524857306093
102,Teacher+Shortest+Risk,0.9073895281611578,1.079088382624915
103,Teacher+Shortest+Risk,0.9066884799929444,1.0783832714042398
104,Teacher+Shortest+Risk,0.9060441610271945,1.0776836927504063
105,Teacher+Shortest+Risk,0.9054108985006819,1.077036555657361
106,Teacher+Shortest+Risk,0.9048193524753922,1.0764140992271725
107,Teacher+Shortest+Risk,0.9042368466394336,1.075824939216596
108,Teacher+Shortest+Risk,0.9037042123685131,1.0752461235436426
109,Teacher+Shortest+Risk,0.903164137024485,1.0747088992623375
110,Teacher+Shortest+Risk,0.9026811060433443,1.074176376130025
111,Teacher+Shortest+Risk,0.9021955904350255,1.0736713041915715
112,Teacher+Shortest+Risk,0.90173136208548,1.0732020775908004
113,Teacher+Shortest+Risk,0.9012853844884102,1.0727318328632853
114,Teacher+Shortest+Risk,0.9008608155139068,1.0722838308717002
115,Teacher+Shortest+Risk,0.9004611261368114,1.071839122786991
116,Teacher+Shortest+Risk,0.9000570506050187,1.0714285462332918
117,Teacher+Shortest+Risk,0.8996629235638135,1.0710134642886895
118,Teacher+Shortest+Risk,0.8992959755685788,1.0706002069572254
119,Teacher+Shortest+Risk,0.8989303990533904,1.0702031371576854
120,Teacher+Shortest+Risk,0.8985679616305073,1.0698214609617416
